Photo,Reference
http://www.beautyaz.gr/img/p/0.jpg,141876
http://www.beautyaz.gr/img/p/0.jpg,141874
http://www.beautyaz.gr/img/p/4/1/7/417.jpg,141983
http://www.beautyaz.gr/img/p/1/1/3/8/1138.jpg,143453
http://www.beautyaz.gr/img/p/1/3/0/130.jpg,143298
http://www.beautyaz.gr/img/p/9/6/8/968.jpg,160323
http://www.beautyaz.gr/img/p/5/5/55.jpg,142784
http://www.beautyaz.gr/img/p/5/8/1/581.jpg,143325
http://www.beautyaz.gr/img/p/8/2/5/825.jpg,143285
http://www.beautyaz.gr/img/p/1/3/3/1/1331.jpg,142665
http://www.beautyaz.gr/img/p/4/4/1/441.jpg,142007
http://www.beautyaz.gr/img/p/1/1/6/2/1162.jpg,143310
http://www.beautyaz.gr/img/p/2/5/6/256.jpg,143548
http://www.beautyaz.gr/img/p/9/9/3/993.jpg,143461
http://www.beautyaz.gr/img/p/6/3/63.jpg,142794
http://www.beautyaz.gr/img/p/5/9/7/597.jpg,143499
http://www.beautyaz.gr/img/p/8/4/0/840.jpg,160211
http://www.beautyaz.gr/img/p/1/3/5/5/1355.jpg,143048
http://www.beautyaz.gr/img/p/5/1/1/511.jpg,142932
http://www.beautyaz.gr/img/p/1/1/8/6/1186.jpg,141930
http://www.beautyaz.gr/img/p/2/3/4/234.jpg,143538
http://www.beautyaz.gr/img/p/1/0/1/7/1017.jpg,143468
http://www.beautyaz.gr/img/p/7/1/71.jpg,143282
http://www.beautyaz.gr/img/p/6/1/3/613.jpg,143507
http://www.beautyaz.gr/img/p/8/4/8/848.jpg,124836
http://www.beautyaz.gr/img/p/4/8/9/489.jpg,143321
http://www.beautyaz.gr/img/p/7/0/5/705.jpg,143289
http://www.beautyaz.gr/img/p/1/2/1/0/1210.jpg,143398
http://www.beautyaz.gr/img/p/2/5/0/250.jpg,143546
http://www.beautyaz.gr/img/p/1/0/4/1/1041.jpg,143062
http://www.beautyaz.gr/img/p/7/9/79.jpg,143475
http://www.beautyaz.gr/img/p/6/3/1/631.jpg,142072
http://www.beautyaz.gr/img/p/8/7/2/872.jpg,142857
http://www.beautyaz.gr/img/p/5/1/6/516.jpg,141976
http://www.beautyaz.gr/img/p/7/2/9/729.jpg,142094
http://www.beautyaz.gr/img/p/1/2/3/4/1234.jpg,143098
http://www.beautyaz.gr/img/p/2/7/1/271.jpg,141971
http://www.beautyaz.gr/img/p/1/0/6/5/1065.jpg,143449
http://www.beautyaz.gr/img/p/9/1/91.jpg,143222
http://www.beautyaz.gr/img/p/8/9/6/896.jpg,142865
http://www.beautyaz.gr/img/p/5/3/2/532.jpg,142029
http://www.beautyaz.gr/img/p/7/5/3/753.jpg,142917
http://www.beautyaz.gr/img/p/1/2/5/8/1258.jpg,143264
http://www.beautyaz.gr/img/p/2/8/7/287.jpg,143488
http://www.beautyaz.gr/img/p/1/0/9/0/1090.jpg,143226
http://www.beautyaz.gr/img/p/9/9/99.jpg,143522
http://www.beautyaz.gr/img/p/6/6/3/663.jpg,143290
http://www.beautyaz.gr/img/p/9/2/0/920.jpg,143355
http://www.beautyaz.gr/img/p/5/4/8/548.jpg,142120
http://www.beautyaz.gr/img/p/7/7/7/777.jpg,143397
http://www.beautyaz.gr/img/p/1/2/8/3/1283.jpg,143253
http://www.beautyaz.gr/img/p/3/0/3/303.jpg,142653
http://www.beautyaz.gr/img/p/1/1/1/4/1114.jpg,143229
http://www.beautyaz.gr/img/p/1/1/4/114.jpg,142126
http://www.beautyaz.gr/img/p/6/8/7/687.jpg,142089
http://www.beautyaz.gr/img/p/9/4/4/944.jpg,160315
http://www.beautyaz.gr/img/p/5/6/5/565.jpg,142951
http://www.beautyaz.gr/img/p/8/0/1/801.jpg,142808
http://www.beautyaz.gr/img/p/1/3/0/7/1307.jpg,143247
http://www.beautyaz.gr/img/p/2/4/3/9/2439.jpg,180151
http://www.beautyaz.gr/img/p/1/4/8/1/1481.jpg,143266
http://www.beautyaz.gr/img/p/2/2/0/8/2208.jpg,180223
http://www.beautyaz.gr/img/p/2/9/5/6/2956.jpg,143384
http://www.beautyaz.gr/img/p/0.jpg,180070
http://www.beautyaz.gr/img/p/2/8/0/0/2800.jpg,180337
http://www.beautyaz.gr/img/p/2/0/4/0/2040.jpg,180275
http://www.beautyaz.gr/img/p/2/6/3/1/2631.jpg,180123
http://www.beautyaz.gr/img/p/1/6/7/7/1677.jpg,125452
http://www.beautyaz.gr/img/p/2/4/6/3/2463.jpg,180160
http://www.beautyaz.gr/img/p/1/5/0/8/1508.jpg,143406
http://www.beautyaz.gr/img/p/2/2/3/2/2232.jpg,180231
http://www.beautyaz.gr/img/p/2/9/8/0/2980.jpg,143388
http://www.beautyaz.gr/img/p/2/2/9/5/2295.jpg,180031
http://www.beautyaz.gr/img/p/2/8/2/3/2823.jpg,188065
http://www.beautyaz.gr/img/p/2/0/6/4/2064.jpg,180208
http://www.beautyaz.gr/img/p/2/6/5/5/2655.jpg,180130
http://www.beautyaz.gr/img/p/1/7/0/1/1701.jpg,160130
http://www.beautyaz.gr/img/p/2/4/8/7/2487.jpg,180243
http://www.beautyaz.gr/img/p/1/5/3/2/1532.jpg,143270
http://www.beautyaz.gr/img/p/2/2/5/6/2256.jpg,180065
http://www.beautyaz.gr/img/p/3/0/0/5/3005.jpg,305053
http://www.beautyaz.gr/img/p/2/3/1/9/2319.jpg,180299
http://www.beautyaz.gr/img/p/2/8/4/7/2847.jpg,188073
http://www.beautyaz.gr/img/p/2/0/8/8/2088.jpg,180282
http://www.beautyaz.gr/img/p/2/6/7/9/2679.jpg,180190
http://www.beautyaz.gr/img/p/1/7/2/8/1728.jpg,143144
http://www.beautyaz.gr/img/p/2/5/1/1/2511.jpg,180314
http://www.beautyaz.gr/img/p/1/5/5/6/1556.jpg,143425
http://www.beautyaz.gr/img/p/3/0/1/3/3013.jpg,305043
http://www.beautyaz.gr/img/p/2/3/4/3/2343.jpg,180046
http://www.beautyaz.gr/img/p/2/8/7/1/2871.jpg,141870
http://www.beautyaz.gr/img/p/1/3/8/5/1385.jpg,143240
http://www.beautyaz.gr/img/p/2/1/1/2/2112.jpg,180221
http://www.beautyaz.gr/img/p/2/7/0/3/2703.jpg,180179
http://www.beautyaz.gr/img/p/1/7/5/2/1752.jpg,143149
http://www.beautyaz.gr/img/p/2/5/3/5/2535.jpg,180322
http://www.beautyaz.gr/img/p/1/5/8/0/1580.jpg,143128
http://www.beautyaz.gr/img/p/2/3/6/7/2367.jpg,180307
http://www.beautyaz.gr/img/p/2/8/9/7/2897.jpg,143552
http://www.beautyaz.gr/img/p/1/4/0/9/1409.jpg,143415
http://www.beautyaz.gr/img/p/2/1/3/6/2136.jpg,180290
http://www.beautyaz.gr/img/p/2/7/2/7/2727.jpg,180255
http://www.beautyaz.gr/img/p/1/7/7/6/1776.jpg,143160
http://www.beautyaz.gr/img/p/2/5/5/9/2559.jpg,180324
http://www.beautyaz.gr/img/p/1/6/0/4/1604.jpg,143422
http://www.beautyaz.gr/img/p/2/3/9/1/2391.jpg,180236
http://www.beautyaz.gr/img/p/2/9/1/3/2913.jpg,143560
http://www.beautyaz.gr/img/p/1/4/3/3/1433.jpg,143401
http://www.beautyaz.gr/img/p/2/1/6/0/2160.jpg,180058
http://www.beautyaz.gr/img/p/2/7/5/2/2752.jpg,180266
http://www.beautyaz.gr/img/p/1/8/0/0/1800.jpg,143169
http://www.beautyaz.gr/img/p/2/5/8/3/2583.jpg,180325
http://www.beautyaz.gr/img/p/1/6/2/9/1629.jpg,141326
http://www.beautyaz.gr/img/p/2/4/1/5/2415.jpg,180107
http://www.beautyaz.gr/img/p/2/9/3/2/2932.jpg,143367
http://www.beautyaz.gr/img/p/1/4/5/7/1457.jpg,143050
http://www.beautyaz.gr/img/p/2/1/8/4/2184.jpg,
http://www.beautyaz.gr/img/p/2/7/7/6/2776.jpg,180193
http://www.beautyaz.gr/img/p/2/0/1/6/2016.jpg,180017
http://www.beautyaz.gr/img/p/2/6/0/7/2607.jpg,
http://www.beautyaz.gr/img/p/1/7/1/2/1712.jpg,121902
http://www.beautyaz.gr/img/p/5/7/1/571.jpg,142960
http://www.beautyaz.gr/img/p/8/1/0/810.jpg,143114
http://www.beautyaz.gr/img/p/1/3/1/6/1316.jpg,143251
http://www.beautyaz.gr/img/p/4/2/6/426.jpg,141986
http://www.beautyaz.gr/img/p/1/1/4/7/1147.jpg,143456
http://www.beautyaz.gr/img/p/1/3/6/136.jpg,143337
http://www.beautyaz.gr/img/p/9/7/7/977.jpg,160326
http://www.beautyaz.gr/img/p/5/8/58.jpg,142786
http://www.beautyaz.gr/img/p/5/8/7/587.jpg,143328
http://www.beautyaz.gr/img/p/8/3/5/835.jpg,160212
http://www.beautyaz.gr/img/p/1/3/4/0/1340.jpg,143407
http://www.beautyaz.gr/img/p/4/5/0/450.jpg,142093
http://www.beautyaz.gr/img/p/1/1/7/1/1171.jpg,142823
http://www.beautyaz.gr/img/p/2/2/4/224.jpg,143533
http://www.beautyaz.gr/img/p/1/0/0/2/1002.jpg,143464
http://www.beautyaz.gr/img/p/6/6/66.jpg,142811
http://www.beautyaz.gr/img/p/6/0/3/603.jpg,143502
http://www.beautyaz.gr/img/p/8/4/3/843.jpg,160062
http://www.beautyaz.gr/img/p/1/3/6/4/1364.jpg,143412
http://www.beautyaz.gr/img/p/5/1/0/510.jpg,142963
http://www.beautyaz.gr/img/p/1/1/9/5/1195.jpg,141937
http://www.beautyaz.gr/img/p/2/4/0/240.jpg,143541
http://www.beautyaz.gr/img/p/1/0/2/6/1026.jpg,143064
http://www.beautyaz.gr/img/p/7/4/74.jpg,143470
http://www.beautyaz.gr/img/p/6/1/9/619.jpg,143510
http://www.beautyaz.gr/img/p/8/5/7/857.jpg,124842
http://www.beautyaz.gr/img/p/4/9/8/498.jpg,143494
http://www.beautyaz.gr/img/p/7/1/4/714.jpg,142116
http://www.beautyaz.gr/img/p/1/2/1/9/1219.jpg,143087
http://www.beautyaz.gr/img/p/2/6/1/261.jpg,143304
http://www.beautyaz.gr/img/p/1/0/5/0/1050.jpg,143077
http://www.beautyaz.gr/img/p/8/2/82.jpg,143223
http://www.beautyaz.gr/img/p/6/3/7/637.jpg,142078
http://www.beautyaz.gr/img/p/8/8/1/881.jpg,142860
http://www.beautyaz.gr/img/p/5/2/2/522.jpg,142012
http://www.beautyaz.gr/img/p/7/3/8/738.jpg,142097
http://www.beautyaz.gr/img/p/1/2/4/3/1243.jpg,143434
http://www.beautyaz.gr/img/p/2/7/7/277.jpg,143480
http://www.beautyaz.gr/img/p/9/4/94.jpg,143104
http://www.beautyaz.gr/img/p/9/0/5/905.jpg,142868
http://www.beautyaz.gr/img/p/5/3/8/538.jpg,142033
http://www.beautyaz.gr/img/p/7/6/2/762.jpg,143392
http://www.beautyaz.gr/img/p/1/2/6/8/1268.jpg,143313
http://www.beautyaz.gr/img/p/2/9/3/293.jpg,141951
http://www.beautyaz.gr/img/p/1/0/9/9/1099.jpg,143063
http://www.beautyaz.gr/img/p/1/0/4/104.jpg,142098
http://www.beautyaz.gr/img/p/6/7/2/672.jpg,143334
http://www.beautyaz.gr/img/p/9/2/9/929.jpg,143358
http://www.beautyaz.gr/img/p/5/5/5/555.jpg,142942
http://www.beautyaz.gr/img/p/7/8/6/786.jpg,143441
http://www.beautyaz.gr/img/p/1/2/9/2/1292.jpg,143259
http://www.beautyaz.gr/img/p/3/0/9/309.jpg,143307
http://www.beautyaz.gr/img/p/1/1/2/3/1123.jpg,143082
http://www.beautyaz.gr/img/p/1/2/0/120.jpg,143293
http://www.beautyaz.gr/img/p/6/9/6/696.jpg,142060
http://www.beautyaz.gr/img/p/9/5/3/953.jpg,160318
http://www.beautyaz.gr/img/p/2/6/1/6/2616.jpg,180126
http://www.beautyaz.gr/img/p/1/6/6/2/1662.jpg,141330
http://www.beautyaz.gr/img/p/2/4/4/8/2448.jpg,180154
http://www.beautyaz.gr/img/p/1/4/9/0/1490.jpg,143410
http://www.beautyaz.gr/img/p/2/2/1/7/2217.jpg,180226
http://www.beautyaz.gr/img/p/2/9/6/5/2965.jpg,143379
http://www.beautyaz.gr/img/p/2/2/8/0/2280.jpg,180067
http://www.beautyaz.gr/img/p/2/8/0/9/2809.jpg,180139
http://www.beautyaz.gr/img/p/2/0/4/9/2049.jpg,180021
http://www.beautyaz.gr/img/p/2/6/4/0/2640.jpg,180251
http://www.beautyaz.gr/img/p/1/6/8/6/1686.jpg,138863
http://www.beautyaz.gr/img/p/2/4/7/2/2472.jpg,180163
http://www.beautyaz.gr/img/p/1/5/1/7/1517.jpg,142998
http://www.beautyaz.gr/img/p/2/2/4/1/2241.jpg,180292
http://www.beautyaz.gr/img/p/3/0/0/3/3003.jpg,143575
http://www.beautyaz.gr/img/p/2/3/0/4/2304.jpg,180035
http://www.beautyaz.gr/img/p/2/8/3/2/2832.jpg,188068
http://www.beautyaz.gr/img/p/2/0/7/3/2073.jpg,180277
http://www.beautyaz.gr/img/p/2/6/6/4/2664.jpg,180124
http://www.beautyaz.gr/img/p/1/7/1/3/1713.jpg,143139
http://www.beautyaz.gr/img/p/2/4/9/6/2496.jpg,
http://www.beautyaz.gr/img/p/1/5/4/1/1541.jpg,143272
http://www.beautyaz.gr/img/p/3/0/0/8/3008.jpg,305050
http://www.beautyaz.gr/img/p/2/3/2/8/2328.jpg,180302
http://www.beautyaz.gr/img/p/2/8/5/6/2856.jpg,188076
http://www.beautyaz.gr/img/p/2/0/9/7/2097.jpg,180028
http://www.beautyaz.gr/img/p/2/6/8/8/2688.jpg,180257
http://www.beautyaz.gr/img/p/1/7/3/7/1737.jpg,143147
http://www.beautyaz.gr/img/p/2/5/2/0/2520.jpg,180317
http://www.beautyaz.gr/img/p/1/5/6/5/1565.jpg,143135
http://www.beautyaz.gr/img/p/2/3/5/2/2352.jpg,180048
http://www.beautyaz.gr/img/p/2/8/8/0/2880.jpg,141875
http://www.beautyaz.gr/img/p/1/3/9/4/1394.jpg,142990
http://www.beautyaz.gr/img/p/2/1/2/1/2121.jpg,180285
http://www.beautyaz.gr/img/p/2/7/1/2/2712.jpg,180178
http://www.beautyaz.gr/img/p/1/7/6/1/1761.jpg,143152
http://www.beautyaz.gr/img/p/2/5/4/4/2544.jpg,180099
http://www.beautyaz.gr/img/p/1/5/8/9/1589.jpg,142066
http://www.beautyaz.gr/img/p/2/3/7/6/2376.jpg,180296
http://www.beautyaz.gr/img/p/2/9/0/3/2903.jpg,143555
http://www.beautyaz.gr/img/p/2/8/8/8/2888.jpg,143418
http://www.beautyaz.gr/img/p/2/1/4/5/2145.jpg,180036
http://www.beautyaz.gr/img/p/2/7/3/6/2736.jpg,180192
http://www.beautyaz.gr/img/p/1/7/8/5/1785.jpg,143163
http://www.beautyaz.gr/img/p/2/5/6/8/2568.jpg,180136
http://www.beautyaz.gr/img/p/1/6/1/4/1614.jpg,121911
http://www.beautyaz.gr/img/p/2/4/0/0/2400.jpg,180102
http://www.beautyaz.gr/img/p/2/9/1/9/2919.jpg,143563
http://www.beautyaz.gr/img/p/1/4/4/2/1442.jpg,143404
http://www.beautyaz.gr/img/p/2/1/6/9/2169.jpg,180061
http://www.beautyaz.gr/img/p/2/7/6/1/2761.jpg,180261
http://www.beautyaz.gr/img/p/2/0/0/1/2001.jpg,180003
http://www.beautyaz.gr/img/p/2/5/9/2/2592.jpg,180118
http://www.beautyaz.gr/img/p/1/6/3/8/1638.jpg,160275
http://www.beautyaz.gr/img/p/2/4/2/4/2424.jpg,180114
http://www.beautyaz.gr/img/p/2/9/4/1/2941.jpg,143372
http://www.beautyaz.gr/img/p/1/4/6/6/1466.jpg,142625
http://www.beautyaz.gr/img/p/2/1/9/3/2193.jpg,180085
http://www.beautyaz.gr/img/p/2/7/8/5/2785.jpg,180336
http://www.beautyaz.gr/img/p/2/0/2/5/2025.jpg,180024
http://www.beautyaz.gr/img/p/1/2/6/126.jpg,143296
http://www.beautyaz.gr/img/p/9/6/2/962.jpg,160321
http://www.beautyaz.gr/img/p/5/3/53.jpg,142782
http://www.beautyaz.gr/img/p/5/7/7/577.jpg,143323
http://www.beautyaz.gr/img/p/8/1/9/819.jpg,143214
http://www.beautyaz.gr/img/p/1/3/2/5/1325.jpg,141994
http://www.beautyaz.gr/img/p/4/3/5/435.jpg,142002
http://www.beautyaz.gr/img/p/1/1/5/6/1156.jpg,143459
http://www.beautyaz.gr/img/p/1/4/4/144.jpg,143479
http://www.beautyaz.gr/img/p/9/8/6/986.jpg,160309
http://www.beautyaz.gr/img/p/6/1/61.jpg,142792
http://www.beautyaz.gr/img/p/5/9/3/593.jpg,143492
http://www.beautyaz.gr/img/p/8/3/8/838.jpg,160213
http://www.beautyaz.gr/img/p/1/3/4/9/1349.jpg,143429
http://www.beautyaz.gr/img/p/4/5/9/459.jpg,142826
http://www.beautyaz.gr/img/p/1/1/8/0/1180.jpg,141927
http://www.beautyaz.gr/img/p/2/3/0/230.jpg,143536
http://www.beautyaz.gr/img/p/1/0/1/1/1011.jpg,143467
http://www.beautyaz.gr/img/p/6/9/69.jpg,142915
http://www.beautyaz.gr/img/p/6/0/9/609.jpg,143505
http://www.beautyaz.gr/img/p/8/4/6/846.jpg,142284
http://www.beautyaz.gr/img/p/4/8/3/483.jpg,143319
http://www.beautyaz.gr/img/p/1/2/0/4/1204.jpg,142649
http://www.beautyaz.gr/img/p/2/4/6/246.jpg,143544
http://www.beautyaz.gr/img/p/1/0/3/5/1035.jpg,143061
http://www.beautyaz.gr/img/p/7/7/77.jpg,143473
http://www.beautyaz.gr/img/p/8/6/6/866.jpg,141112
http://www.beautyaz.gr/img/p/5/0/7/507.jpg,143498
http://www.beautyaz.gr/img/p/7/2/3/723.jpg,142085
http://www.beautyaz.gr/img/p/1/2/2/8/1228.jpg,143235
http://www.beautyaz.gr/img/p/2/6/7/267.jpg,141969
http://www.beautyaz.gr/img/p/1/0/5/9/1059.jpg,143447
http://www.beautyaz.gr/img/p/8/7/87.jpg,143524
http://www.beautyaz.gr/img/p/8/9/0/890.jpg,142863
http://www.beautyaz.gr/img/p/5/2/8/528.jpg,142027
http://www.beautyaz.gr/img/p/7/4/7/747.jpg,142109
http://www.beautyaz.gr/img/p/1/2/5/2/1252.jpg,143262
http://www.beautyaz.gr/img/p/2/8/3/283.jpg,143486
http://www.beautyaz.gr/img/p/1/0/8/4/1084.jpg,142934
http://www.beautyaz.gr/img/p/9/7/97.jpg,143520
http://www.beautyaz.gr/img/p/6/5/9/659.jpg,143513
http://www.beautyaz.gr/img/p/9/1/4/914.jpg,143172
http://www.beautyaz.gr/img/p/5/4/4/544.jpg,142051
http://www.beautyaz.gr/img/p/7/7/1/771.jpg,143395
http://www.beautyaz.gr/img/p/1/2/7/7/1277.jpg,143316
http://www.beautyaz.gr/img/p/2/9/9/299.jpg,141956
http://www.beautyaz.gr/img/p/1/1/0/8/1108.jpg,143038
http://www.beautyaz.gr/img/p/1/1/0/110.jpg,142115
http://www.beautyaz.gr/img/p/9/3/8/938.jpg,160313
http://www.beautyaz.gr/img/p/5/6/1/561.jpg,142946
http://www.beautyaz.gr/img/p/7/9/5/795.jpg,143444
http://www.beautyaz.gr/img/p/1/3/0/1/1301.jpg,143437
http://www.beautyaz.gr/img/p/3/1/5/315.jpg,143482
http://www.beautyaz.gr/img/p/1/1/3/2/1132.jpg,143431
http://www.beautyaz.gr/img/p/2/2/6/5/2265.jpg,180078
http://www.beautyaz.gr/img/p/2/7/9/4/2794.jpg,180202
http://www.beautyaz.gr/img/p/2/0/3/4/2034.jpg,180273
http://www.beautyaz.gr/img/p/2/6/2/5/2625.jpg,180330
http://www.beautyaz.gr/img/p/1/6/7/1/1671.jpg,121909
http://www.beautyaz.gr/img/p/2/4/5/7/2457.jpg,180158
http://www.beautyaz.gr/img/p/1/5/0/2/1502.jpg,142111
http://www.beautyaz.gr/img/p/2/2/2/6/2226.jpg,180229
http://www.beautyaz.gr/img/p/2/9/7/4/2974.jpg,143386
http://www.beautyaz.gr/img/p/2/2/8/9/2289.jpg,180047
http://www.beautyaz.gr/img/p/2/8/1/7/2817.jpg,188063
http://www.beautyaz.gr/img/p/2/0/5/8/2058.jpg,180206
http://www.beautyaz.gr/img/p/2/6/4/9/2649.jpg,180128
http://www.beautyaz.gr/img/p/1/6/9/5/1695.jpg,160128
http://www.beautyaz.gr/img/p/2/4/8/1/2481.jpg,180167
http://www.beautyaz.gr/img/p/1/5/2/6/1526.jpg,143034
http://www.beautyaz.gr/img/p/2/2/5/0/2250.jpg,180064
http://www.beautyaz.gr/img/p/3/0/0/1/3001.jpg,143578
http://www.beautyaz.gr/img/p/2/3/1/3/2313.jpg,180298
http://www.beautyaz.gr/img/p/2/8/4/1/2841.jpg,188071
http://www.beautyaz.gr/img/p/2/0/8/2/2082.jpg,180280
http://www.beautyaz.gr/img/p/2/6/7/3/2673.jpg,180188
http://www.beautyaz.gr/img/p/1/7/2/2/1722.jpg,143142
http://www.beautyaz.gr/img/p/2/5/0/5/2505.jpg,180249
http://www.beautyaz.gr/img/p/1/5/5/0/1550.jpg,143426
http://www.beautyaz.gr/img/p/3/0/1/1/3011.jpg,305047
http://www.beautyaz.gr/img/p/2/3/3/7/2337.jpg,180075
http://www.beautyaz.gr/img/p/2/8/6/5/2865.jpg,141865
http://www.beautyaz.gr/img/p/1/3/7/9/1379.jpg,143241
http://www.beautyaz.gr/img/p/2/1/0/6/2106.jpg,180209
http://www.beautyaz.gr/img/p/2/6/9/7/2697.jpg,180185
http://www.beautyaz.gr/img/p/1/7/4/6/1746.jpg,142343
http://www.beautyaz.gr/img/p/2/5/2/9/2529.jpg,180320
http://www.beautyaz.gr/img/p/1/5/7/4/1574.jpg,143131
http://www.beautyaz.gr/img/p/2/3/6/1/2361.jpg,180310
http://www.beautyaz.gr/img/p/2/8/9/3/2893.jpg,143550
http://www.beautyaz.gr/img/p/1/4/0/3/1403.jpg,143413
http://www.beautyaz.gr/img/p/2/1/3/0/2130.jpg,180288
http://www.beautyaz.gr/img/p/2/7/2/1/2721.jpg,180258
http://www.beautyaz.gr/img/p/1/7/7/0/1770.jpg,143158
http://www.beautyaz.gr/img/p/2/5/5/3/2553.jpg,180098
http://www.beautyaz.gr/img/p/1/5/9/8/1598.jpg,143028
http://www.beautyaz.gr/img/p/2/3/8/5/2385.jpg,180238
http://www.beautyaz.gr/img/p/2/9/0/9/2909.jpg,143558
http://www.beautyaz.gr/img/p/1/4/2/7/1427.jpg,143049
http://www.beautyaz.gr/img/p/2/1/5/4/2154.jpg,180042
http://www.beautyaz.gr/img/p/2/7/4/6/2746.jpg,180264
http://www.beautyaz.gr/img/p/1/7/9/4/1794.jpg,143167
http://www.beautyaz.gr/img/p/2/5/7/7/2577.jpg,180138
http://www.beautyaz.gr/img/p/1/6/2/3/1623.jpg,125636
http://www.beautyaz.gr/img/p/2/4/0/9/2409.jpg,180105
http://www.beautyaz.gr/img/p/2/9/2/6/2926.jpg,143364
http://www.beautyaz.gr/img/p/1/4/5/1/1451.jpg,143086
http://www.beautyaz.gr/img/p/2/1/7/8/2178.jpg,180080
http://www.beautyaz.gr/img/p/2/7/7/0/2770.jpg,180198
http://www.beautyaz.gr/img/p/2/0/1/0/2010.jpg,180012
http://www.beautyaz.gr/img/p/2/6/0/1/2601.jpg,180127
http://www.beautyaz.gr/img/p/1/7/1/0/1710.jpg,121895
http://www.beautyaz.gr/img/p/2/4/3/3/2433.jpg,180147
http://www.beautyaz.gr/img/p/1/4/7/5/1475.jpg,143268
http://www.beautyaz.gr/img/p/2/2/0/2/2202.jpg,180092
http://www.beautyaz.gr/img/p/2/9/5/0/2950.jpg,143382
http://www.beautyaz.gr/img/p/1/3/1/0/1310.jpg,143248
http://www.beautyaz.gr/img/p/4/2/0/420.jpg,141984
http://www.beautyaz.gr/img/p/1/1/4/1/1141.jpg,143454
http://www.beautyaz.gr/img/p/1/3/2/132.jpg,143299
http://www.beautyaz.gr/img/p/9/7/1/971.jpg,160324
http://www.beautyaz.gr/img/p/5/6/56.jpg,142785
http://www.beautyaz.gr/img/p/5/8/3/583.jpg,143326
http://www.beautyaz.gr/img/p/8/2/8/828.jpg,143286
http://www.beautyaz.gr/img/p/1/3/3/4/1334.jpg,143408
http://www.beautyaz.gr/img/p/4/4/4/444.jpg,142017
http://www.beautyaz.gr/img/p/1/1/6/5/1165.jpg,143311
http://www.beautyaz.gr/img/p/2/2/0/220.jpg,143531
http://www.beautyaz.gr/img/p/9/9/6/996.jpg,143462
http://www.beautyaz.gr/img/p/6/4/64.jpg,142805
http://www.beautyaz.gr/img/p/5/9/9/599.jpg,143500
http://www.beautyaz.gr/img/p/8/4/1/841.jpg,142288
http://www.beautyaz.gr/img/p/1/3/5/8/1358.jpg,143052
http://www.beautyaz.gr/img/p/4/6/8/468.jpg,142935
http://www.beautyaz.gr/img/p/1/1/8/9/1189.jpg,141932
http://www.beautyaz.gr/img/p/2/3/6/236.jpg,143539
http://www.beautyaz.gr/img/p/1/0/2/0/1020.jpg,143224
http://www.beautyaz.gr/img/p/7/2/72.jpg,143284
http://www.beautyaz.gr/img/p/6/1/5/615.jpg,143508
http://www.beautyaz.gr/img/p/8/5/1/851.jpg,124838
http://www.beautyaz.gr/img/p/4/9/2/492.jpg,143322
http://www.beautyaz.gr/img/p/7/0/8/708.jpg,143514
http://www.beautyaz.gr/img/p/2/5/7/257.jpg,143301
http://www.beautyaz.gr/img/p/1/0/4/4/1044.jpg,143068
http://www.beautyaz.gr/img/p/8/0/80.jpg,143476
http://www.beautyaz.gr/img/p/8/7/5/875.jpg,142858
http://www.beautyaz.gr/img/p/5/1/8/518.jpg,141977
http://www.beautyaz.gr/img/p/7/3/2/732.jpg,142095
http://www.beautyaz.gr/img/p/1/2/3/7/1237.jpg,143100
http://www.beautyaz.gr/img/p/2/7/3/273.jpg,141972
http://www.beautyaz.gr/img/p/1/0/6/8/1068.jpg,143450
http://www.beautyaz.gr/img/p/9/2/92.jpg,143341
http://www.beautyaz.gr/img/p/6/4/9/649.jpg,142973
http://www.beautyaz.gr/img/p/8/9/9/899.jpg,142866
http://www.beautyaz.gr/img/p/5/3/4/534.jpg,142030
http://www.beautyaz.gr/img/p/7/5/6/756.jpg,143390
http://www.beautyaz.gr/img/p/1/2/6/1/1261.jpg,143265
http://www.beautyaz.gr/img/p/2/8/9/289.jpg,143489
http://www.beautyaz.gr/img/p/1/0/9/3/1093.jpg,143227
http://www.beautyaz.gr/img/p/1/0/1/101.jpg,143523
http://www.beautyaz.gr/img/p/6/6/6/666.jpg,143517
http://www.beautyaz.gr/img/p/9/2/3/923.jpg,143356
http://www.beautyaz.gr/img/p/5/5/1/551.jpg,142657
http://www.beautyaz.gr/img/p/8/3/4/834.jpg,143439
http://www.beautyaz.gr/img/p/1/2/8/6/1286.jpg,143255
http://www.beautyaz.gr/img/p/3/0/5/305.jpg,142820
http://www.beautyaz.gr/img/p/1/1/1/7/1117.jpg,142927
http://www.beautyaz.gr/img/p/1/1/6/116.jpg,143291
http://www.beautyaz.gr/img/p/6/9/0/690.jpg,142090
http://www.beautyaz.gr/img/p/9/4/7/947.jpg,160316
http://www.beautyaz.gr/img/p/5/6/7/567.jpg,142952
http://www.beautyaz.gr/img/p/8/0/4/804.jpg,142813
http://www.beautyaz.gr/img/p/2/4/4/2/2442.jpg,180152
http://www.beautyaz.gr/img/p/1/4/8/4/1484.jpg,143252
http://www.beautyaz.gr/img/p/2/2/1/1/2211.jpg,180224
http://www.beautyaz.gr/img/p/2/9/5/9/2959.jpg,143376
http://www.beautyaz.gr/img/p/2/2/7/4/2274.jpg,180071
http://www.beautyaz.gr/img/p/2/8/0/3/2803.jpg,180142
http://www.beautyaz.gr/img/p/2/0/4/3/2043.jpg,180001
http://www.beautyaz.gr/img/p/2/6/3/4/2634.jpg,180148
http://www.beautyaz.gr/img/p/1/6/8/0/1680.jpg,125451
http://www.beautyaz.gr/img/p/2/4/6/6/2466.jpg,180161
http://www.beautyaz.gr/img/p/1/5/1/1/1511.jpg,142993
http://www.beautyaz.gr/img/p/2/2/3/5/2235.jpg,180242
http://www.beautyaz.gr/img/p/2/9/8/3/2983.jpg,143156
http://www.beautyaz.gr/img/p/2/2/9/8/2298.jpg,180033
http://www.beautyaz.gr/img/p/2/8/2/6/2826.jpg,188066
http://www.beautyaz.gr/img/p/2/0/6/7/2067.jpg,180211
http://www.beautyaz.gr/img/p/2/6/5/8/2658.jpg,180108
http://www.beautyaz.gr/img/p/1/7/0/5/1705.jpg,160175
http://www.beautyaz.gr/img/p/2/4/9/0/2490.jpg,180244
http://www.beautyaz.gr/img/p/1/5/3/5/1535.jpg,142121
http://www.beautyaz.gr/img/p/2/2/5/9/2259.jpg,180076
http://www.beautyaz.gr/img/p/3/0/0/6/3006.jpg,305052
http://www.beautyaz.gr/img/p/2/3/2/2/2322.jpg,180300
http://www.beautyaz.gr/img/p/2/8/5/0/2850.jpg,188074
http://www.beautyaz.gr/img/p/2/0/9/1/2091.jpg,180015
http://www.beautyaz.gr/img/p/2/6/8/2/2682.jpg,180186
http://www.beautyaz.gr/img/p/1/7/3/1/1731.jpg,143145
http://www.beautyaz.gr/img/p/2/5/1/4/2514.jpg,180315
http://www.beautyaz.gr/img/p/1/5/5/9/1559.jpg,143133
http://www.beautyaz.gr/img/p/3/0/1/4/3014.jpg,141981
http://www.beautyaz.gr/img/p/2/3/4/6/2346.jpg,180044
http://www.beautyaz.gr/img/p/2/8/7/4/2874.jpg,141873
http://www.beautyaz.gr/img/p/1/3/8/8/1388.jpg,143238
http://www.beautyaz.gr/img/p/2/1/1/5/2115.jpg,180283
http://www.beautyaz.gr/img/p/2/7/0/6/2706.jpg,180180
http://www.beautyaz.gr/img/p/1/7/5/5/1755.jpg,143150
http://www.beautyaz.gr/img/p/2/5/3/8/2538.jpg,180093
http://www.beautyaz.gr/img/p/1/5/8/3/1583.jpg,143276
http://www.beautyaz.gr/img/p/2/3/7/0/2370.jpg,180338
http://www.beautyaz.gr/img/p/2/8/9/9/2899.jpg,143553
http://www.beautyaz.gr/img/p/2/8/8/6/2886.jpg,143416
http://www.beautyaz.gr/img/p/2/1/3/9/2139.jpg,180032
http://www.beautyaz.gr/img/p/2/7/3/0/2730.jpg,180144
http://www.beautyaz.gr/img/p/1/8/0/4/1804.jpg,143161
http://www.beautyaz.gr/img/p/2/5/6/2/2562.jpg,180131
http://www.beautyaz.gr/img/p/1/6/0/7/1607.jpg,143423
http://www.beautyaz.gr/img/p/2/3/9/4/2394.jpg,
http://www.beautyaz.gr/img/p/2/9/1/5/2915.jpg,143561
http://www.beautyaz.gr/img/p/1/4/3/6/1436.jpg,143402
http://www.beautyaz.gr/img/p/2/1/6/3/2163.jpg,180059
http://www.beautyaz.gr/img/p/2/7/5/5/2755.jpg,180267
http://www.beautyaz.gr/img/p/1/9/9/5/1995.jpg,180000
http://www.beautyaz.gr/img/p/2/5/8/6/2586.jpg,180253
http://www.beautyaz.gr/img/p/1/6/3/2/1632.jpg,141324
http://www.beautyaz.gr/img/p/2/4/1/8/2418.jpg,180111
http://www.beautyaz.gr/img/p/2/9/3/5/2935.jpg,143368
http://www.beautyaz.gr/img/p/1/4/6/0/1460.jpg,143051
http://www.beautyaz.gr/img/p/2/1/8/7/2187.jpg,180083
http://www.beautyaz.gr/img/p/2/7/7/9/2779.jpg,180194
http://www.beautyaz.gr/img/p/2/0/1/9/2019.jpg,180018
http://www.beautyaz.gr/img/p/2/6/1/0/2610.jpg,180331
http://www.beautyaz.gr/img/p/1/6/5/6/1656.jpg,121904
http://www.beautyaz.gr/img/p/6/9/9/699.jpg,142061
http://www.beautyaz.gr/img/p/9/5/6/956.jpg,160319
http://www.beautyaz.gr/img/p/8/1/3/813.jpg,143115
http://www.beautyaz.gr/img/p/1/3/1/9/1319.jpg,143249
http://www.beautyaz.gr/img/p/4/2/9/429.jpg,141988
http://www.beautyaz.gr/img/p/1/1/5/0/1150.jpg,143457
http://www.beautyaz.gr/img/p/1/3/8/138.jpg,143339
http://www.beautyaz.gr/img/p/9/8/0/980.jpg,160327
http://www.beautyaz.gr/img/p/5/9/59.jpg,142788
http://www.beautyaz.gr/img/p/5/8/9/589.jpg,143330
http://www.beautyaz.gr/img/p/8/3/6/836.jpg,160214
http://www.beautyaz.gr/img/p/1/3/4/3/1343.jpg,142003
http://www.beautyaz.gr/img/p/4/5/3/453.jpg,142662
http://www.beautyaz.gr/img/p/1/1/7/4/1174.jpg,143399
http://www.beautyaz.gr/img/p/2/2/6/226.jpg,143534
http://www.beautyaz.gr/img/p/1/0/0/5/1005.jpg,143465
http://www.beautyaz.gr/img/p/6/7/67.jpg,142912
http://www.beautyaz.gr/img/p/6/0/5/605.jpg,143503
http://www.beautyaz.gr/img/p/8/4/4/844.jpg,142287
http://www.beautyaz.gr/img/p/1/3/6/7/1367.jpg,143242
http://www.beautyaz.gr/img/p/4/7/7/477.jpg,142970
http://www.beautyaz.gr/img/p/1/1/9/8/1198.jpg,142644
http://www.beautyaz.gr/img/p/2/4/2/242.jpg,143542
http://www.beautyaz.gr/img/p/1/0/2/9/1029.jpg,142928
http://www.beautyaz.gr/img/p/7/5/75.jpg,143471
http://www.beautyaz.gr/img/p/6/2/1/621.jpg,143511
http://www.beautyaz.gr/img/p/8/6/0/860.jpg,141110
http://www.beautyaz.gr/img/p/5/0/1/501.jpg,143496
http://www.beautyaz.gr/img/p/7/1/7/717.jpg,142084
http://www.beautyaz.gr/img/p/1/2/2/2/1222.jpg,143089
http://www.beautyaz.gr/img/p/2/6/3/263.jpg,143305
http://www.beautyaz.gr/img/p/1/0/5/3/1053.jpg,143445
http://www.beautyaz.gr/img/p/8/3/83.jpg,143221
http://www.beautyaz.gr/img/p/6/3/9/639.jpg,142079
http://www.beautyaz.gr/img/p/8/8/4/884.jpg,142861
http://www.beautyaz.gr/img/p/5/2/4/524.jpg,142025
http://www.beautyaz.gr/img/p/7/4/1/741.jpg,142964
http://www.beautyaz.gr/img/p/1/2/4/6/1246.jpg,143101
http://www.beautyaz.gr/img/p/2/7/9/279.jpg,143484
http://www.beautyaz.gr/img/p/9/5/95.jpg,143340
http://www.beautyaz.gr/img/p/9/0/8/908.jpg,143170
http://www.beautyaz.gr/img/p/5/4/0/540.jpg,142037
http://www.beautyaz.gr/img/p/7/6/5/765.jpg,143393
http://www.beautyaz.gr/img/p/1/2/7/1/1271.jpg,143314
http://www.beautyaz.gr/img/p/2/9/5/295.jpg,141953
http://www.beautyaz.gr/img/p/1/1/0/2/1102.jpg,143037
http://www.beautyaz.gr/img/p/1/0/6/106.jpg,142104
http://www.beautyaz.gr/img/p/6/7/5/675.jpg,143335
http://www.beautyaz.gr/img/p/9/3/2/932.jpg,160311
http://www.beautyaz.gr/img/p/5/5/7/557.jpg,142944
http://www.beautyaz.gr/img/p/7/8/9/789.jpg,143442
http://www.beautyaz.gr/img/p/1/2/9/5/1295.jpg,143260
http://www.beautyaz.gr/img/p/3/1/1/311.jpg,143308
http://www.beautyaz.gr/img/p/1/1/2/6/1126.jpg,143430
http://www.beautyaz.gr/img/p/1/2/2/122.jpg,143294
http://www.beautyaz.gr/img/p/2/6/1/9/2619.jpg,180120
http://www.beautyaz.gr/img/p/1/6/6/5/1665.jpg,142601
http://www.beautyaz.gr/img/p/2/4/5/1/2451.jpg,180156
http://www.beautyaz.gr/img/p/1/4/9/3/1493.jpg,143409
http://www.beautyaz.gr/img/p/2/2/2/0/2220.jpg,180227
http://www.beautyaz.gr/img/p/2/9/6/8/2968.jpg,143380
http://www.beautyaz.gr/img/p/2/2/8/3/2283.jpg,180068
http://www.beautyaz.gr/img/p/2/8/1/2/2812.jpg,180140
http://www.beautyaz.gr/img/p/2/0/5/2/2052.jpg,180022
http://www.beautyaz.gr/img/p/2/6/4/3/2643.jpg,180101
http://www.beautyaz.gr/img/p/1/6/8/9/1689.jpg,160131
http://www.beautyaz.gr/img/p/2/4/7/5/2475.jpg,180165
http://www.beautyaz.gr/img/p/1/5/2/0/1520.jpg,143275
http://www.beautyaz.gr/img/p/2/2/4/4/2244.jpg,180293
http://www.beautyaz.gr/img/p/2/9/9/2/2992.jpg,143576
http://www.beautyaz.gr/img/p/2/3/0/7/2307.jpg,180054
http://www.beautyaz.gr/img/p/2/8/3/5/2835.jpg,188069
http://www.beautyaz.gr/img/p/2/0/7/6/2076.jpg,180278
http://www.beautyaz.gr/img/p/2/6/6/7/2667.jpg,180125
http://www.beautyaz.gr/img/p/1/7/1/6/1716.jpg,143140
http://www.beautyaz.gr/img/p/2/4/9/9/2499.jpg,180247
http://www.beautyaz.gr/img/p/1/5/4/4/1544.jpg,143273
http://www.beautyaz.gr/img/p/3/0/0/9/3009.jpg,305049
http://www.beautyaz.gr/img/p/2/3/3/1/2331.jpg,180303
http://www.beautyaz.gr/img/p/2/8/5/9/2859.jpg,141863
http://www.beautyaz.gr/img/p/1/3/7/3/1373.jpg,143239
http://www.beautyaz.gr/img/p/2/1/0/0/2100.jpg,180029
http://www.beautyaz.gr/img/p/2/6/9/1/2691.jpg,180183
http://www.beautyaz.gr/img/p/1/7/4/0/1740.jpg,143148
http://www.beautyaz.gr/img/p/2/5/2/3/2523.jpg,180318
http://www.beautyaz.gr/img/p/1/5/6/8/1568.jpg,143278
http://www.beautyaz.gr/img/p/2/3/5/5/2355.jpg,180308
http://www.beautyaz.gr/img/p/1/3/9/7/1397.jpg,142992
http://www.beautyaz.gr/img/p/2/1/2/4/2124.jpg,180286
http://www.beautyaz.gr/img/p/2/7/1/5/2715.jpg,180334
http://www.beautyaz.gr/img/p/1/8/0/3/1803.jpg,143153
http://www.beautyaz.gr/img/p/2/5/4/7/2547.jpg,180096
http://www.beautyaz.gr/img/p/1/5/9/2/1592.jpg,142067
http://www.beautyaz.gr/img/p/2/3/7/9/2379.jpg,180297
http://www.beautyaz.gr/img/p/2/9/0/5/2905.jpg,143556
http://www.beautyaz.gr/img/p/2/8/8/9/2889.jpg,143419
http://www.beautyaz.gr/img/p/2/1/4/8/2148.jpg,180037
http://www.beautyaz.gr/img/p/2/7/3/9/2739.jpg,180191
http://www.beautyaz.gr/img/p/1/7/8/8/1788.jpg,143165
http://www.beautyaz.gr/img/p/2/5/7/1/2571.jpg,180137
http://www.beautyaz.gr/img/p/1/6/1/7/1617.jpg,122146
http://www.beautyaz.gr/img/p/2/4/0/3/2403.jpg,180103
http://www.beautyaz.gr/img/p/2/9/2/1/2921.jpg,143564
http://www.beautyaz.gr/img/p/1/4/4/5/1445.jpg,143405
http://www.beautyaz.gr/img/p/2/1/7/2/2172.jpg,180062
http://www.beautyaz.gr/img/p/2/7/6/4/2764.jpg,180262
http://www.beautyaz.gr/img/p/2/0/0/4/2004.jpg,180004
http://www.beautyaz.gr/img/p/2/5/9/5/2595.jpg,180119
http://www.beautyaz.gr/img/p/1/6/4/1/1641.jpg,160177
http://www.beautyaz.gr/img/p/2/4/2/7/2427.jpg,180115
http://www.beautyaz.gr/img/p/2/9/4/4/2944.jpg,143375
http://www.beautyaz.gr/img/p/1/4/6/9/1469.jpg,143042
http://www.beautyaz.gr/img/p/2/1/9/6/2196.jpg,180086
http://www.beautyaz.gr/img/p/2/7/8/8/2788.jpg,180200
http://www.beautyaz.gr/img/p/2/0/2/8/2028.jpg,180210
http://www.beautyaz.gr/img/p/3/1/7/317.jpg,143483
http://www.beautyaz.gr/img/p/1/1/3/5/1135.jpg,143460
http://www.beautyaz.gr/img/p/1/2/8/128.jpg,143297
http://www.beautyaz.gr/img/p/9/6/5/965.jpg,160322
http://www.beautyaz.gr/img/p/5/4/54.jpg,142783
http://www.beautyaz.gr/img/p/5/7/9/579.jpg,143324
http://www.beautyaz.gr/img/p/8/2/2/822.jpg,143215
http://www.beautyaz.gr/img/p/1/3/2/8/1328.jpg,141995
http://www.beautyaz.gr/img/p/4/3/8/438.jpg,142005
http://www.beautyaz.gr/img/p/1/1/5/9/1159.jpg,143309
http://www.beautyaz.gr/img/p/2/1/6/216.jpg,143547
http://www.beautyaz.gr/img/p/9/8/9/989.jpg,160310
http://www.beautyaz.gr/img/p/6/2/62.jpg,142793
http://www.beautyaz.gr/img/p/8/3/9/839.jpg,160215
http://www.beautyaz.gr/img/p/1/3/5/2/1352.jpg,143110
http://www.beautyaz.gr/img/p/4/6/2/462.jpg,142828
http://www.beautyaz.gr/img/p/1/1/8/3/1183.jpg,141929
http://www.beautyaz.gr/img/p/2/3/2/232.jpg,143537
http://www.beautyaz.gr/img/p/1/0/1/4/1014.jpg,143225
http://www.beautyaz.gr/img/p/7/0/70.jpg,143280
http://www.beautyaz.gr/img/p/6/1/1/611.jpg,143506
http://www.beautyaz.gr/img/p/8/4/7/847.jpg,142285
http://www.beautyaz.gr/img/p/4/8/6/486.jpg,143320
http://www.beautyaz.gr/img/p/7/0/2/702.jpg,142062
http://www.beautyaz.gr/img/p/1/2/0/7/1207.jpg,142923
http://www.beautyaz.gr/img/p/2/4/8/248.jpg,143545
http://www.beautyaz.gr/img/p/1/0/3/8/1038.jpg,142929
http://www.beautyaz.gr/img/p/7/8/78.jpg,143474
http://www.beautyaz.gr/img/p/8/6/9/869.jpg,141113
http://www.beautyaz.gr/img/p/5/1/4/514.jpg,141975
http://www.beautyaz.gr/img/p/7/2/6/726.jpg,142086
http://www.beautyaz.gr/img/p/1/2/3/1/1231.jpg,143432
http://www.beautyaz.gr/img/p/2/6/9/269.jpg,141970
http://www.beautyaz.gr/img/p/1/0/6/2/1062.jpg,143448
http://www.beautyaz.gr/img/p/8/9/89.jpg,143219
http://www.beautyaz.gr/img/p/8/9/3/893.jpg,142864
http://www.beautyaz.gr/img/p/5/3/0/530.jpg,142028
http://www.beautyaz.gr/img/p/7/5/0/750.jpg,142916
http://www.beautyaz.gr/img/p/1/2/5/5/1255.jpg,143263
http://www.beautyaz.gr/img/p/2/8/5/285.jpg,143487
http://www.beautyaz.gr/img/p/1/0/8/7/1087.jpg,143080
http://www.beautyaz.gr/img/p/9/8/98.jpg,143521
http://www.beautyaz.gr/img/p/6/6/1/661.jpg,143518
http://www.beautyaz.gr/img/p/9/1/7/917.jpg,143354
http://www.beautyaz.gr/img/p/5/4/6/546.jpg,142118
http://www.beautyaz.gr/img/p/7/7/4/774.jpg,143396
http://www.beautyaz.gr/img/p/1/2/8/0/1280.jpg,143317
http://www.beautyaz.gr/img/p/3/0/1/301.jpg,141960
http://www.beautyaz.gr/img/p/1/1/1/1/1111.jpg,143228
http://www.beautyaz.gr/img/p/1/1/2/112.jpg,142119
http://www.beautyaz.gr/img/p/6/8/4/684.jpg,142088
http://www.beautyaz.gr/img/p/9/4/1/941.jpg,160314
http://www.beautyaz.gr/img/p/5/6/3/563.jpg,142950
http://www.beautyaz.gr/img/p/7/9/8/798.jpg,143452
http://www.beautyaz.gr/img/p/1/3/0/4/1304.jpg,143438
http://www.beautyaz.gr/img/p/2/2/0/5/2205.jpg,180222
http://www.beautyaz.gr/img/p/2/9/5/3/2953.jpg,143383
http://www.beautyaz.gr/img/p/2/2/6/8/2268.jpg,180305
http://www.beautyaz.gr/img/p/2/7/9/7/2797.jpg,180203
http://www.beautyaz.gr/img/p/2/0/3/7/2037.jpg,180274
http://www.beautyaz.gr/img/p/2/6/2/8/2628.jpg,180122
http://www.beautyaz.gr/img/p/1/6/7/4/1674.jpg,160178
http://www.beautyaz.gr/img/p/2/4/6/0/2460.jpg,180159
http://www.beautyaz.gr/img/p/1/5/0/5/1505.jpg,142678
http://www.beautyaz.gr/img/p/2/2/2/9/2229.jpg,180230
http://www.beautyaz.gr/img/p/2/9/7/7/2977.jpg,143387
http://www.beautyaz.gr/img/p/2/2/9/2/2292.jpg,180043
http://www.beautyaz.gr/img/p/2/8/2/0/2820.jpg,188064
http://www.beautyaz.gr/img/p/2/0/6/1/2061.jpg,180207
http://www.beautyaz.gr/img/p/2/6/5/2/2652.jpg,
http://www.beautyaz.gr/img/p/1/6/9/8/1698.jpg,160129
http://www.beautyaz.gr/img/p/2/4/8/4/2484.jpg,180175
http://www.beautyaz.gr/img/p/1/5/2/9/1529.jpg,142116
http://www.beautyaz.gr/img/p/2/2/5/3/2253.jpg,180063
http://www.beautyaz.gr/img/p/3/0/0/4/3004.jpg,305054
http://www.beautyaz.gr/img/p/2/3/1/6/2316.jpg,180306
http://www.beautyaz.gr/img/p/2/8/4/4/2844.jpg,188072
http://www.beautyaz.gr/img/p/2/0/8/5/2085.jpg,180281
http://www.beautyaz.gr/img/p/2/6/7/6/2676.jpg,180189
http://www.beautyaz.gr/img/p/1/7/2/5/1725.jpg,143143
http://www.beautyaz.gr/img/p/2/5/0/8/2508.jpg,180313
http://www.beautyaz.gr/img/p/1/5/5/3/1553.jpg,143427
http://www.beautyaz.gr/img/p/3/0/1/2/3012.jpg,305046
http://www.beautyaz.gr/img/p/2/3/4/0/2340.jpg,180074
http://www.beautyaz.gr/img/p/2/8/6/8/2868.jpg,141866
http://www.beautyaz.gr/img/p/1/3/8/2/1382.jpg,143244
http://www.beautyaz.gr/img/p/2/1/0/9/2109.jpg,180212
http://www.beautyaz.gr/img/p/2/7/0/0/2700.jpg,180181
http://www.beautyaz.gr/img/p/1/7/4/9/1749.jpg,143389
http://www.beautyaz.gr/img/p/2/5/3/2/2532.jpg,180321
http://www.beautyaz.gr/img/p/1/5/7/7/1577.jpg,143127
http://www.beautyaz.gr/img/p/2/3/6/4/2364.jpg,180312
http://www.beautyaz.gr/img/p/2/8/9/5/2895.jpg,143551
http://www.beautyaz.gr/img/p/1/4/0/6/1406.jpg,143414
http://www.beautyaz.gr/img/p/2/1/3/3/2133.jpg,180289
http://www.beautyaz.gr/img/p/2/7/4/5/2745.jpg,180335
http://www.beautyaz.gr/img/p/1/7/7/3/1773.jpg,143159
http://www.beautyaz.gr/img/p/2/5/5/6/2556.jpg,180323
http://www.beautyaz.gr/img/p/1/6/0/1/1601.jpg,143421
http://www.beautyaz.gr/img/p/2/3/8/8/2388.jpg,180234
http://www.beautyaz.gr/img/p/2/9/1/1/2911.jpg,143559
http://www.beautyaz.gr/img/p/1/4/3/0/1430.jpg,143400
http://www.beautyaz.gr/img/p/2/1/5/7/2157.jpg,180057
http://www.beautyaz.gr/img/p/2/7/4/9/2749.jpg,180265
http://www.beautyaz.gr/img/p/1/7/9/7/1797.jpg,143168
http://www.beautyaz.gr/img/p/2/5/8/0/2580.jpg,180326
http://www.beautyaz.gr/img/p/1/6/2/6/1626.jpg,138862
http://www.beautyaz.gr/img/p/2/4/1/2/2412.jpg,180106
http://www.beautyaz.gr/img/p/2/9/2/9/2929.jpg,143366
http://www.beautyaz.gr/img/p/1/4/5/4/1454.jpg,142765
http://www.beautyaz.gr/img/p/2/1/8/1/2181.jpg,
http://www.beautyaz.gr/img/p/2/7/7/3/2773.jpg,180199
http://www.beautyaz.gr/img/p/2/0/1/3/2013.jpg,180013
http://www.beautyaz.gr/img/p/2/6/0/4/2604.jpg,180121
http://www.beautyaz.gr/img/p/1/6/5/0/1650.jpg,121901
http://www.beautyaz.gr/img/p/2/4/3/6/2436.jpg,180150
http://www.beautyaz.gr/img/p/1/4/7/8/1478.jpg,143267
http://www.beautyaz.gr/img/p/5/6/9/569.jpg,142959
http://www.beautyaz.gr/img/p/8/0/7/807.jpg,142815
http://www.beautyaz.gr/img/p/1/3/1/3/1313.jpg,143250
http://www.beautyaz.gr/img/p/4/2/3/423.jpg,141985
http://www.beautyaz.gr/img/p/1/1/4/4/1144.jpg,143455
http://www.beautyaz.gr/img/p/1/3/4/134.jpg,143300
http://www.beautyaz.gr/img/p/9/7/4/974.jpg,160325
http://www.beautyaz.gr/img/p/5/7/57.jpg,142911
http://www.beautyaz.gr/img/p/5/8/5/585.jpg,143327
http://www.beautyaz.gr/img/p/8/3/1/831.jpg,143346
http://www.beautyaz.gr/img/p/1/3/3/7/1337.jpg,142110
http://www.beautyaz.gr/img/p/4/4/7/447.jpg,142018
http://www.beautyaz.gr/img/p/1/1/6/8/1168.jpg,142821
http://www.beautyaz.gr/img/p/2/2/2/222.jpg,143532
http://www.beautyaz.gr/img/p/9/9/9/999.jpg,143463
http://www.beautyaz.gr/img/p/6/5/65.jpg,142913
http://www.beautyaz.gr/img/p/6/0/1/601.jpg,143501
http://www.beautyaz.gr/img/p/8/4/2/842.jpg,142286
http://www.beautyaz.gr/img/p/1/3/6/1/1361.jpg,143411
http://www.beautyaz.gr/img/p/4/7/1/471.jpg,142936
http://www.beautyaz.gr/img/p/1/1/9/2/1192.jpg,141935
http://www.beautyaz.gr/img/p/2/3/8/238.jpg,143540
http://www.beautyaz.gr/img/p/1/0/2/3/1023.jpg,143066
http://www.beautyaz.gr/img/p/7/3/73.jpg,143469
http://www.beautyaz.gr/img/p/6/1/7/617.jpg,143509
http://www.beautyaz.gr/img/p/8/5/4/854.jpg,124840
http://www.beautyaz.gr/img/p/4/9/5/495.jpg,143493
http://www.beautyaz.gr/img/p/7/1/1/711.jpg,142065
http://www.beautyaz.gr/img/p/2/5/9/259.jpg,143303
http://www.beautyaz.gr/img/p/1/0/4/7/1047.jpg,142930
http://www.beautyaz.gr/img/p/8/1/81.jpg,143477
http://www.beautyaz.gr/img/p/6/3/5/635.jpg,142077
http://www.beautyaz.gr/img/p/8/7/8/878.jpg,142859
http://www.beautyaz.gr/img/p/5/2/0/520.jpg,141979
http://www.beautyaz.gr/img/p/7/3/5/735.jpg,142096
http://www.beautyaz.gr/img/p/1/2/4/0/1240.jpg,143433
http://www.beautyaz.gr/img/p/2/7/5/275.jpg,142651
http://www.beautyaz.gr/img/p/1/0/7/1/1071.jpg,143451
http://www.beautyaz.gr/img/p/9/3/93.jpg,143103
http://www.beautyaz.gr/img/p/9/0/2/902.jpg,142867
http://www.beautyaz.gr/img/p/5/3/6/536.jpg,142032
http://www.beautyaz.gr/img/p/7/5/9/759.jpg,143391
http://www.beautyaz.gr/img/p/1/2/6/7/1267.jpg,143261
http://www.beautyaz.gr/img/p/2/9/1/291.jpg,143490
http://www.beautyaz.gr/img/p/1/0/9/6/1096.jpg,143084
http://www.beautyaz.gr/img/p/1/0/2/102.jpg,141925
http://www.beautyaz.gr/img/p/6/6/9/669.jpg,143515
http://www.beautyaz.gr/img/p/9/2/6/926.jpg,143357
http://www.beautyaz.gr/img/p/5/5/3/553.jpg,142827
http://www.beautyaz.gr/img/p/7/8/3/783.jpg,143440
http://www.beautyaz.gr/img/p/1/2/8/9/1289.jpg,143257
http://www.beautyaz.gr/img/p/3/0/7/307.jpg,142925
http://www.beautyaz.gr/img/p/1/1/2/0/1120.jpg,142926
http://www.beautyaz.gr/img/p/1/1/8/118.jpg,143292
http://www.beautyaz.gr/img/p/6/9/3/693.jpg,143516
http://www.beautyaz.gr/img/p/9/5/0/950.jpg,160317
http://www.beautyaz.gr/img/p/1/6/5/9/1659.jpg,141328
http://www.beautyaz.gr/img/p/2/4/4/5/2445.jpg,180153
http://www.beautyaz.gr/img/p/1/4/8/7/1487.jpg,142999
http://www.beautyaz.gr/img/p/2/2/1/4/2214.jpg,180225
http://www.beautyaz.gr/img/p/2/9/6/2/2962.jpg,143377
http://www.beautyaz.gr/img/p/2/2/7/7/2277.jpg,180066
http://www.beautyaz.gr/img/p/2/8/0/6/2806.jpg,180143
http://www.beautyaz.gr/img/p/2/0/4/6/2046.jpg,180020
http://www.beautyaz.gr/img/p/2/6/3/7/2637.jpg,180149
http://www.beautyaz.gr/img/p/1/6/8/3/1683.jpg,125448
http://www.beautyaz.gr/img/p/2/4/6/9/2469.jpg,180162
http://www.beautyaz.gr/img/p/1/5/1/4/1514.jpg,142997
http://www.beautyaz.gr/img/p/2/2/3/8/2238.jpg,180291
http://www.beautyaz.gr/img/p/2/9/8/6/2986.jpg,143574
http://www.beautyaz.gr/img/p/2/3/0/1/2301.jpg,180045
http://www.beautyaz.gr/img/p/2/8/2/9/2829.jpg,188067
http://www.beautyaz.gr/img/p/2/0/7/0/2070.jpg,180276
http://www.beautyaz.gr/img/p/2/6/6/1/2661.jpg,180110
http://www.beautyaz.gr/img/p/1/7/0/7/1707.jpg,160277
http://www.beautyaz.gr/img/p/2/4/9/3/2493.jpg,180245
http://www.beautyaz.gr/img/p/1/5/3/8/1538.jpg,142969
http://www.beautyaz.gr/img/p/2/2/6/2/2262.jpg,180077
http://www.beautyaz.gr/img/p/3/0/0/7/3007.jpg,305051
http://www.beautyaz.gr/img/p/2/3/2/5/2325.jpg,180301
http://www.beautyaz.gr/img/p/2/8/5/3/2853.jpg,188075
http://www.beautyaz.gr/img/p/2/0/9/4/2094.jpg,180023
http://www.beautyaz.gr/img/p/2/6/8/5/2685.jpg,180182
http://www.beautyaz.gr/img/p/1/7/3/4/1734.jpg,143146
http://www.beautyaz.gr/img/p/2/5/1/7/2517.jpg,180316
http://www.beautyaz.gr/img/p/1/5/6/2/1562.jpg,143134
http://www.beautyaz.gr/img/p/2/3/4/9/2349.jpg,180049
http://www.beautyaz.gr/img/p/1/3/9/1/1391.jpg,142988
http://www.beautyaz.gr/img/p/2/1/1/8/2118.jpg,180284
http://www.beautyaz.gr/img/p/2/7/0/9/2709.jpg,180177
http://www.beautyaz.gr/img/p/1/7/5/8/1758.jpg,143151
http://www.beautyaz.gr/img/p/2/5/4/1/2541.jpg,180097
http://www.beautyaz.gr/img/p/1/5/8/6/1586.jpg,143277
http://www.beautyaz.gr/img/p/2/3/7/3/2373.jpg,180295
http://www.beautyaz.gr/img/p/2/9/0/1/2901.jpg,143554
http://www.beautyaz.gr/img/p/2/8/8/7/2887.jpg,143417
http://www.beautyaz.gr/img/p/2/1/4/2/2142.jpg,180034
http://www.beautyaz.gr/img/p/2/7/3/3/2733.jpg,180332
http://www.beautyaz.gr/img/p/1/7/8/2/1782.jpg,143162
http://www.beautyaz.gr/img/p/2/5/6/5/2565.jpg,180135
http://www.beautyaz.gr/img/p/1/6/1/0/1610.jpg,143424
http://www.beautyaz.gr/img/p/2/3/9/7/2397.jpg,180073
http://www.beautyaz.gr/img/p/2/9/1/7/2917.jpg,143562
http://www.beautyaz.gr/img/p/1/4/3/9/1439.jpg,143403
http://www.beautyaz.gr/img/p/2/1/6/6/2166.jpg,180060
http://www.beautyaz.gr/img/p/2/7/5/8/2758.jpg,180260
http://www.beautyaz.gr/img/p/1/9/9/8/1998.jpg,180002
http://www.beautyaz.gr/img/p/2/5/8/9/2589.jpg,180117
http://www.beautyaz.gr/img/p/1/6/3/5/1635.jpg,142599
http://www.beautyaz.gr/img/p/2/4/2/1/2421.jpg,180112
http://www.beautyaz.gr/img/p/2/9/3/8/2938.jpg,143370
http://www.beautyaz.gr/img/p/1/4/6/3/1463.jpg,142767
http://www.beautyaz.gr/img/p/2/1/9/0/2190.jpg,180084
http://www.beautyaz.gr/img/p/2/7/8/2/2782.jpg,180195
http://www.beautyaz.gr/img/p/2/0/2/2/2022.jpg,180019
http://www.beautyaz.gr/img/p/2/6/1/3/2613.jpg,180146
http://www.beautyaz.gr/img/p/1/2/4/124.jpg,143295
http://www.beautyaz.gr/img/p/9/5/9/959.jpg,160320
http://www.beautyaz.gr/img/p/5/7/5/575.jpg,143312
http://www.beautyaz.gr/img/p/8/1/6/816.jpg,143213
http://www.beautyaz.gr/img/p/1/3/2/2/1322.jpg,143246
http://www.beautyaz.gr/img/p/4/3/2/432.jpg,141998
http://www.beautyaz.gr/img/p/1/1/5/3/1153.jpg,143458
http://www.beautyaz.gr/img/p/1/4/0/140.jpg,143478
http://www.beautyaz.gr/img/p/9/8/3/983.jpg,160308
http://www.beautyaz.gr/img/p/6/0/60.jpg,142790
http://www.beautyaz.gr/img/p/5/9/1/591.jpg,143491
http://www.beautyaz.gr/img/p/8/3/7/837.jpg,160210
http://www.beautyaz.gr/img/p/1/3/4/6/1346.jpg,143428
http://www.beautyaz.gr/img/p/4/5/6/456.jpg,142664
http://www.beautyaz.gr/img/p/1/1/7/7/1177.jpg,141926
http://www.beautyaz.gr/img/p/2/2/8/228.jpg,143535
http://www.beautyaz.gr/img/p/1/0/0/8/1008.jpg,143466
http://www.beautyaz.gr/img/p/6/8/68.jpg,142914
http://www.beautyaz.gr/img/p/6/0/7/607.jpg,143504
http://www.beautyaz.gr/img/p/8/4/5/845.jpg,160330
http://www.beautyaz.gr/img/p/1/3/7/0/1370.jpg,143245
http://www.beautyaz.gr/img/p/4/8/0/480.jpg,142971
http://www.beautyaz.gr/img/p/1/2/0/1/1201.jpg,142646
http://www.beautyaz.gr/img/p/2/4/4/244.jpg,143543
http://www.beautyaz.gr/img/p/1/0/3/2/1032.jpg,143218
http://www.beautyaz.gr/img/p/7/6/76.jpg,143472
http://www.beautyaz.gr/img/p/6/2/5/625.jpg,
http://www.beautyaz.gr/img/p/8/6/3/863.jpg,141111
http://www.beautyaz.gr/img/p/7/2/0/720.jpg,142087
http://www.beautyaz.gr/img/p/1/2/2/5/1225.jpg,143090
http://www.beautyaz.gr/img/p/2/6/5/265.jpg,143306
http://www.beautyaz.gr/img/p/1/0/5/6/1056.jpg,143446
http://www.beautyaz.gr/img/p/8/5/85.jpg,143220
http://www.beautyaz.gr/img/p/8/8/7/887.jpg,142862
http://www.beautyaz.gr/img/p/5/2/6/526.jpg,142026
http://www.beautyaz.gr/img/p/7/4/4/744.jpg,142965
http://www.beautyaz.gr/img/p/1/2/4/9/1249.jpg,143435
http://www.beautyaz.gr/img/p/2/8/1/281.jpg,143485
http://www.beautyaz.gr/img/p/9/6/96.jpg,143519
http://www.beautyaz.gr/img/p/6/5/7/657.jpg,143512
http://www.beautyaz.gr/img/p/9/1/1/911.jpg,143171
http://www.beautyaz.gr/img/p/5/4/2/542.jpg,142049
http://www.beautyaz.gr/img/p/7/6/8/768.jpg,143394
http://www.beautyaz.gr/img/p/1/2/7/4/1274.jpg,143315
http://www.beautyaz.gr/img/p/2/9/7/297.jpg,141955
http://www.beautyaz.gr/img/p/1/1/0/5/1105.jpg,142921
http://www.beautyaz.gr/img/p/1/0/8/108.jpg,142105
http://www.beautyaz.gr/img/p/6/7/8/678.jpg,143336
http://www.beautyaz.gr/img/p/9/3/5/935.jpg,160312
http://www.beautyaz.gr/img/p/5/5/9/559.jpg,142945
http://www.beautyaz.gr/img/p/7/9/2/792.jpg,143443
http://www.beautyaz.gr/img/p/1/2/9/8/1298.jpg,143436
http://www.beautyaz.gr/img/p/3/1/3/313.jpg,143481
http://www.beautyaz.gr/img/p/1/1/2/9/1129.jpg,142931
http://www.beautyaz.gr/img/p/2/7/9/1/2791.jpg,180201
http://www.beautyaz.gr/img/p/2/0/3/1/2031.jpg,180272
http://www.beautyaz.gr/img/p/2/6/2/2/2622.jpg,180329
http://www.beautyaz.gr/img/p/1/6/6/8/1668.jpg,160276
http://www.beautyaz.gr/img/p/2/4/5/4/2454.jpg,180157
http://www.beautyaz.gr/img/p/1/4/9/9/1499.jpg,143000
http://www.beautyaz.gr/img/p/2/2/2/3/2223.jpg,180228
http://www.beautyaz.gr/img/p/2/9/7/1/2971.jpg,143385
http://www.beautyaz.gr/img/p/2/2/8/6/2286.jpg,180233
http://www.beautyaz.gr/img/p/2/8/1/5/2815.jpg,180141
http://www.beautyaz.gr/img/p/2/0/5/5/2055.jpg,180205
http://www.beautyaz.gr/img/p/2/6/4/6/2646.jpg,180145
http://www.beautyaz.gr/img/p/1/6/9/2/1692.jpg,142542
http://www.beautyaz.gr/img/p/2/4/7/8/2478.jpg,180166
http://www.beautyaz.gr/img/p/1/5/2/3/1523.jpg,143271
http://www.beautyaz.gr/img/p/2/2/4/7/2247.jpg,180294
http://www.beautyaz.gr/img/p/2/3/1/0/2310.jpg,180311
http://www.beautyaz.gr/img/p/2/8/3/8/2838.jpg,188070
http://www.beautyaz.gr/img/p/2/0/7/9/2079.jpg,180279
http://www.beautyaz.gr/img/p/2/6/7/0/2670.jpg,180187
http://www.beautyaz.gr/img/p/1/7/1/9/1719.jpg,143141
http://www.beautyaz.gr/img/p/2/5/0/2/2502.jpg,180248
http://www.beautyaz.gr/img/p/1/5/4/7/1547.jpg,143274
http://www.beautyaz.gr/img/p/3/0/1/0/3010.jpg,305048
http://www.beautyaz.gr/img/p/2/3/3/4/2334.jpg,180304
http://www.beautyaz.gr/img/p/2/8/6/2/2862.jpg,160027
http://www.beautyaz.gr/img/p/1/3/7/6/1376.jpg,143243
http://www.beautyaz.gr/img/p/2/1/0/3/2103.jpg,180030
http://www.beautyaz.gr/img/p/2/6/9/4/2694.jpg,180184
http://www.beautyaz.gr/img/p/1/7/4/3/1743.jpg,143342
http://www.beautyaz.gr/img/p/2/5/2/6/2526.jpg,180319
http://www.beautyaz.gr/img/p/1/5/7/1/1571.jpg,143130
http://www.beautyaz.gr/img/p/2/3/5/8/2358.jpg,180309
http://www.beautyaz.gr/img/p/2/8/9/1/2891.jpg,143549
http://www.beautyaz.gr/img/p/1/4/0/0/1400.jpg,143237
http://www.beautyaz.gr/img/p/2/1/2/7/2127.jpg,180287
http://www.beautyaz.gr/img/p/2/7/1/8/2718.jpg,180254
http://www.beautyaz.gr/img/p/1/7/6/7/1767.jpg,143157
http://www.beautyaz.gr/img/p/2/5/5/0/2550.jpg,180095
http://www.beautyaz.gr/img/p/1/5/9/5/1595.jpg,143027
http://www.beautyaz.gr/img/p/2/3/8/2/2382.jpg,180232
http://www.beautyaz.gr/img/p/2/9/0/7/2907.jpg,143557
http://www.beautyaz.gr/img/p/2/8/9/0/2890.jpg,143420
http://www.beautyaz.gr/img/p/2/1/5/1/2151.jpg,180039
http://www.beautyaz.gr/img/p/2/7/4/2/2742.jpg,180333
http://www.beautyaz.gr/img/p/1/7/9/1/1791.jpg,143166
http://www.beautyaz.gr/img/p/2/5/7/4/2574.jpg,180133
http://www.beautyaz.gr/img/p/1/6/2/0/1620.jpg,122147
http://www.beautyaz.gr/img/p/2/4/0/6/2406.jpg,180104
http://www.beautyaz.gr/img/p/2/9/2/3/2923.jpg,143362
http://www.beautyaz.gr/img/p/1/6/1/3/1613.jpg,143036
http://www.beautyaz.gr/img/p/2/1/7/5/2175.jpg,180079
http://www.beautyaz.gr/img/p/2/7/6/7/2767.jpg,180197
http://www.beautyaz.gr/img/p/2/0/0/7/2007.jpg,180006
http://www.beautyaz.gr/img/p/2/5/9/8/2598.jpg,180327
http://www.beautyaz.gr/img/p/1/7/1/1/1711.jpg,121894
http://www.beautyaz.gr/img/p/2/4/3/0/2430.jpg,180116
http://www.beautyaz.gr/img/p/1/4/7/2/1472.jpg,143043
http://www.beautyaz.gr/img/p/2/1/9/9/2199.jpg,
http://www.beautyaz.gr/img/p/2/9/4/7/2947.jpg,143381
http://www.beautyaz.gr/img/p/6/4/8/648.jpg,142083
http://www.beautyaz.gr/img/p/1/0/7/6/1076.jpg,142933
http://www.beautyaz.gr/img/p/6/5/4/654.jpg,143332
http://www.beautyaz.gr/img/p/6/2/8/628.jpg,142070
http://www.beautyaz.gr/img/p/6/4/4/644.jpg,142081
http://www.beautyaz.gr/img/p/6/8/2/682.jpg,142108
http://www.beautyaz.gr/img/p/1/2/1/4/1214.jpg,143233
http://www.beautyaz.gr/img/p/6/3/4/634.jpg,142073
http://www.beautyaz.gr/img/p/6/2/4/624.jpg,143287
http://www.beautyaz.gr/img/p/1/0/7/9/1079.jpg,143039
http://www.beautyaz.gr/img/p/6/5/6/656.jpg,143333
http://www.beautyaz.gr/img/p/5/9/6/596.jpg,143495
http://www.beautyaz.gr/img/p/6/3/0/630.jpg,142071
http://www.beautyaz.gr/img/p/6/4/6/646.jpg,142082
http://www.beautyaz.gr/img/p/1/2/1/7/1217.jpg,143234
http://www.beautyaz.gr/img/p/6/5/2/652.jpg,143288
http://www.beautyaz.gr/img/p/5/1/3/513.jpg,143497
http://www.beautyaz.gr/img/p/6/4/2/642.jpg,142080
http://www.beautyaz.gr/img/p/1/0/8/2/1082.jpg,143081
http://www.beautyaz.gr/img/p/2/9/9/6/2996.jpg,143577
http://www.azade.com/img/p/9/5/0/950.jpg,305054
http://www.azade.com/img/p/9/4/9/949.jpg,305053
http://www.azade.com/img/p/9/4/8/948.jpg,305052
http://www.azade.com/img/p/9/4/7/947.jpg,305051
http://www.azade.com/img/p/9/4/6/946.jpg,305050
http://www.azade.com/img/p/9/4/5/945.jpg,305049
http://www.azade.com/img/p/9/4/4/944.jpg,305048
http://www.azade.com/img/p/9/4/3/943.jpg,305047
http://www.azade.com/img/p/9/4/2/942.jpg,305046
http://www.azade.com/img/p/9/4/1/941.jpg,305044
http://www.azade.com/img/p/9/4/0/940.jpg,305043
http://www.azade.com/img/p/9/3/9/939.jpg,305042
http://www.azade.com/img/p/9/3/8/938.jpg,305041
http://www.azade.com/img/p/9/3/7/937.jpg,305039
http://www.azade.com/img/p/9/3/6/936.jpg,305038
http://www.azade.com/img/p/9/3/5/935.jpg,305037
http://www.azade.com/img/p/9/3/4/934.jpg,305036
http://www.azade.com/img/p/9/3/3/933.jpg,305035
http://www.azade.com/img/p/9/3/2/932.jpg,305033
http://www.azade.com/img/p/9/3/1/931.jpg,305032
http://www.azade.com/img/p/9/3/0/930.jpg,305031
http://www.azade.com/img/p/9/2/9/929.jpg,305030
http://www.azade.com/img/p/9/2/7/927.jpg,211522
http://www.azade.com/img/p/9/2/6/926.jpg,211521
http://www.azade.com/img/p/9/2/2/922.jpg,305027
http://www.azade.com/img/p/9/2/1/921.jpg,305024
http://www.azade.com/img/p/9/2/0/920.jpg,305023
http://www.azade.com/img/p/9/1/9/919.jpg,305018
http://www.azade.com/img/p/9/1/8/918.jpg,305017
http://www.azade.com/img/p/9/1/7/917.jpg,305016
http://www.azade.com/img/p/9/1/6/916.jpg,305015
http://www.azade.com/img/p/9/1/5/915.jpg,305014
http://www.azade.com/img/p/9/1/4/914.jpg,305013
http://www.azade.com/img/p/9/1/3/913.jpg,305012
http://www.azade.com/img/p/9/1/2/912.jpg,305010
http://www.azade.com/img/p/9/1/1/911.jpg,305008
http://www.azade.com/img/p/9/1/0/910.jpg,305007
http://www.azade.com/img/p/9/0/9/909.jpg,305006
http://www.azade.com/img/p/9/0/8/908.jpg,305005
http://www.azade.com/img/p/9/0/7/907.jpg,9304156
http://www.azade.com/img/p/9/0/6/906.jpg,9304152
http://www.azade.com/img/p/9/0/5/905.jpg,9301077
http://www.azade.com/img/p/9/0/4/904.jpg,9208336
http://www.azade.com/img/p/9/0/3/903.jpg,9208329
http://www.azade.com/img/p/9/0/2/902.jpg,9208324
http://www.azade.com/img/p/9/0/1/901.jpg,208303
http://www.azade.com/img/p/9/0/0/900.jpg,9207635
http://www.azade.com/img/p/8/9/9/899.jpg,9207634
http://www.azade.com/img/p/8/9/8/898.jpg,9207632
http://www.azade.com/img/p/8/9/7/897.jpg,9207630
http://www.azade.com/img/p/8/9/6/896.jpg,9207012
http://www.azade.com/img/p/8/9/5/895.jpg,9207011
http://www.azade.com/img/p/8/9/4/894.jpg,305196
http://www.azade.com/img/p/8/9/3/893.jpg,305194
http://www.azade.com/img/p/8/9/2/892.jpg,305193
http://www.azade.com/img/p/8/9/1/891.jpg,305192
http://www.azade.com/img/p/8/9/0/890.jpg,305190
http://www.azade.com/img/p/8/8/9/889.jpg,305189
http://www.azade.com/img/p/8/8/8/888.jpg,211617
http://www.azade.com/img/p/8/8/7/887.jpg,211603
http://www.azade.com/img/p/8/8/6/886.jpg,211601
http://www.azade.com/img/p/8/8/5/885.jpg,211597
http://www.azade.com/img/p/8/8/4/884.jpg,211594
http://www.azade.com/img/p/8/8/3/883.jpg,211593
http://www.azade.com/img/p/8/8/2/882.jpg,211581
http://www.azade.com/img/p/8/8/1/881.jpg,211550
http://www.azade.com/img/p/8/8/0/880.jpg,211548
http://www.azade.com/img/p/8/7/9/879.jpg,211547
http://www.azade.com/img/p/8/7/8/878.jpg,211546
http://www.azade.com/img/p/8/7/7/877.jpg,211545
http://www.azade.com/img/p/8/7/6/876.jpg,211543
http://www.azade.com/img/p/8/7/5/875.jpg,211542
http://www.azade.com/img/p/8/7/4/874.jpg,211541
http://www.azade.com/img/p/8/7/3/873.jpg,211540
http://www.azade.com/img/p/8/7/2/872.jpg,211539
http://www.azade.com/img/p/8/7/1/871.jpg,211538
http://www.azade.com/img/p/8/7/0/870.jpg,211537
http://www.azade.com/img/p/8/6/9/869.jpg,211536
http://www.azade.com/img/p/8/6/8/868.jpg,211535
http://www.azade.com/img/p/8/6/7/867.jpg,211534
http://www.azade.com/img/p/8/6/6/866.jpg,211533
http://www.azade.com/img/p/8/6/5/865.jpg,211532
http://www.azade.com/img/p/8/6/4/864.jpg,211531
http://www.azade.com/img/p/8/6/3/863.jpg,211530
http://www.azade.com/img/p/8/6/2/862.jpg,211529
http://www.azade.com/img/p/8/6/1/861.jpg,211528
http://www.azade.com/img/p/8/6/0/860.jpg,211527
http://www.azade.com/img/p/8/5/9/859.jpg,211526
http://www.azade.com/img/p/8/5/8/858.jpg,211525
http://www.azade.com/img/p/8/0/7/807.jpg,211625
http://www.azade.com/img/p/8/0/6/806.jpg,211623
http://www.azade.com/img/p/8/0/5/805.jpg,211622
http://www.azade.com/img/p/8/0/4/804.jpg,211621
http://www.azade.com/img/p/8/0/3/803.jpg,211619
http://www.azade.com/img/p/8/0/2/802.jpg,211616
http://www.azade.com/img/p/8/0/1/801.jpg,211615
http://www.azade.com/img/p/8/0/0/800.jpg,211614
http://www.azade.com/img/p/7/9/9/799.jpg,211609
http://www.azade.com/img/p/7/9/8/798.jpg,211608
http://www.azade.com/img/p/7/9/7/797.jpg,211607
http://www.azade.com/img/p/7/9/6/796.jpg,211606
http://www.azade.com/img/p/7/9/5/795.jpg,211598
http://www.azade.com/img/p/7/9/4/794.jpg,211596
http://www.azade.com/img/p/7/9/3/793.jpg,211595
http://www.azade.com/img/p/7/9/2/792.jpg,211592
http://www.azade.com/img/p/7/9/1/791.jpg,211590
http://www.azade.com/img/p/7/9/0/790.jpg,211589
http://www.azade.com/img/p/7/8/9/789.jpg,211587
http://www.azade.com/img/p/7/8/8/788.jpg,211586
http://www.azade.com/img/p/0.jpg,211585
http://www.azade.com/img/p/0.jpg,211584
http://www.azade.com/img/p/7/8/5/785.jpg,211583
http://www.azade.com/img/p/7/8/4/784.jpg,211582
http://www.azade.com/img/p/0.jpg,211580
http://www.azade.com/img/p/7/8/2/782.jpg,211578
http://www.azade.com/img/p/7/8/1/781.jpg,211577
http://www.azade.com/img/p/7/8/0/780.jpg,211576
http://www.azade.com/img/p/7/7/9/779.jpg,211574
http://www.azade.com/img/p/7/7/8/778.jpg,211573
http://www.azade.com/img/p/7/7/7/777.jpg,211572
http://www.azade.com/img/p/7/7/6/776.jpg,211571
http://www.azade.com/img/p/7/7/5/775.jpg,211569
http://www.azade.com/img/p/7/7/4/774.jpg,211568
http://www.azade.com/img/p/7/7/1/771.jpg,160277
http://www.azade.com/img/p/7/7/3/773.jpg,9301078
http://www.azade.com/img/p/7/6/8/768.jpg,160276
http://www.azade.com/img/p/7/7/2/772.jpg,9301081
http://www.azade.com/img/p/7/6/6/766.jpg,160275
http://www.azade.com/img/p/7/6/5/765.jpg,9304158
http://www.azade.com/img/p/7/6/4/764.jpg,9304157
http://www.azade.com/img/p/7/6/3/763.jpg,9304155
http://www.azade.com/img/p/7/6/2/762.jpg,9301082
http://www.azade.com/img/p/7/6/1/761.jpg,9208328
http://www.azade.com/img/p/7/6/0/760.jpg,9207633
http://www.azade.com/img/p/7/5/9/759.jpg,9207007
http://www.azade.com/img/p/7/5/8/758.jpg,9207006
http://www.azade.com/img/p/7/5/7/757.jpg,9203242
http://www.azade.com/img/p/7/5/6/756.jpg,9207003
http://www.azade.com/img/p/7/5/5/755.jpg,211575
http://www.azade.com/img/p/7/5/4/754.jpg,121906
http://www.azade.com/img/p/7/5/3/753.jpg,121899
http://www.azade.com/img/p/7/5/2/752.jpg,141331
http://www.azade.com/img/p/7/5/1/751.jpg,142602
http://www.azade.com/img/p/7/5/0/750.jpg,141329
http://www.azade.com/img/p/7/4/9/749.jpg,121905
http://www.azade.com/img/p/7/4/8/748.jpg,121908
http://www.azade.com/img/p/7/4/7/747.jpg,333090
http://www.azade.com/img/p/7/4/6/746.jpg,302223
http://www.azade.com/img/p/7/4/5/745.jpg,302220
http://www.azade.com/img/p/7/4/4/744.jpg,207913
http://www.azade.com/img/p/7/4/3/743.jpg,207893
http://www.azade.com/img/p/7/4/2/742.jpg,207668
http://www.azade.com/img/p/7/4/1/741.jpg,207667
http://www.azade.com/img/p/7/4/0/740.jpg,207665
http://www.azade.com/img/p/7/3/9/739.jpg,207664
http://www.azade.com/img/p/7/3/8/738.jpg,207663
http://www.azade.com/img/p/7/3/7/737.jpg,160094
http://www.azade.com/img/p/7/3/6/736.jpg,160093
http://www.azade.com/img/p/7/3/5/735.jpg,160242
http://www.azade.com/img/p/7/3/4/734.jpg,160106
http://www.azade.com/img/p/7/3/3/733.jpg,160097
http://www.azade.com/img/p/7/3/2/732.jpg,160095
http://www.azade.com/img/p/7/3/1/731.jpg,160096
http://www.azade.com/img/p/7/3/0/730.jpg,160091
http://www.azade.com/img/p/7/2/9/729.jpg,160090
http://www.azade.com/img/p/7/2/8/728.jpg,160089
http://www.azade.com/img/p/7/2/7/727.jpg,160088
http://www.azade.com/img/p/7/2/6/726.jpg,160087
http://www.azade.com/img/p/7/2/5/725.jpg,142722
http://www.azade.com/img/p/7/2/4/724.jpg,142721
http://www.azade.com/img/p/7/2/3/723.jpg,142720
http://www.azade.com/img/p/7/2/2/722.jpg,142704
http://www.azade.com/img/p/7/2/1/721.jpg,142703
http://www.azade.com/img/p/7/2/0/720.jpg,142702
http://www.azade.com/img/p/7/1/9/719.jpg,142701
http://www.azade.com/img/p/7/1/8/718.jpg,142700
http://www.azade.com/img/p/7/1/7/717.jpg,142699
http://www.azade.com/img/p/7/1/6/716.jpg,142698
http://www.azade.com/img/p/7/1/5/715.jpg,135356
http://www.azade.com/img/p/7/1/4/714.jpg,134955
http://www.azade.com/img/p/7/1/3/713.jpg,134954
http://www.azade.com/img/p/7/1/2/712.jpg,127743
http://www.azade.com/img/p/7/1/1/711.jpg,127738
http://www.azade.com/img/p/7/1/0/710.jpg,117999
http://www.azade.com/img/p/7/0/9/709.jpg,117994
http://www.azade.com/img/p/7/0/8/708.jpg,117936
http://www.azade.com/img/p/7/0/7/707.jpg,117932
http://www.azade.com/img/p/7/0/6/706.jpg,205731
http://www.azade.com/img/p/7/0/5/705.jpg,205730
http://www.azade.com/img/p/7/0/4/704.jpg,205729
http://www.azade.com/img/p/7/0/3/703.jpg,205728
http://www.azade.com/img/p/7/0/2/702.jpg,205679
http://www.azade.com/img/p/7/0/1/701.jpg,205678
http://www.azade.com/img/p/7/0/0/700.jpg,205677
http://www.azade.com/img/p/6/9/9/699.jpg,205800
http://www.azade.com/img/p/6/9/8/698.jpg,205797
http://www.azade.com/img/p/6/9/7/697.jpg,205795
http://www.azade.com/img/p/6/9/6/696.jpg,205794
http://www.azade.com/img/p/6/9/5/695.jpg,205793
http://www.azade.com/img/p/6/9/4/694.jpg,205792
http://www.azade.com/img/p/6/8/6/686.jpg,205791
http://www.azade.com/img/p/6/8/5/685.jpg,207659
http://www.azade.com/img/p/6/8/4/684.jpg,207654
http://www.azade.com/img/p/6/8/3/683.jpg,206259
http://www.azade.com/img/p/6/8/2/682.jpg,206257
http://www.azade.com/img/p/6/8/1/681.jpg,206153
http://www.azade.com/img/p/6/8/0/680.jpg,206152
http://www.azade.com/img/p/6/7/9/679.jpg,204241
http://www.azade.com/img/p/6/7/8/678.jpg,160079
http://www.azade.com/img/p/6/7/7/677.jpg,160078
http://www.azade.com/img/p/6/7/6/676.jpg,160075
http://www.azade.com/img/p/6/7/5/675.jpg,160077
http://www.azade.com/img/p/6/7/4/674.jpg,160074
http://www.azade.com/img/p/6/7/3/673.jpg,213020
http://www.azade.com/img/p/6/7/2/672.jpg,213002
http://www.azade.com/img/p/6/7/1/671.jpg,306167
http://www.azade.com/img/p/6/7/0/670.jpg,213009
http://www.azade.com/img/p/6/6/9/669.jpg,302217
http://www.azade.com/img/p/6/6/8/668.jpg,306169
http://www.azade.com/img/p/6/6/7/667.jpg,306168
http://www.azade.com/img/p/6/6/6/666.jpg,306167
http://www.azade.com/img/p/6/6/5/665.jpg,306166
http://www.azade.com/img/p/6/6/4/664.jpg,306104
http://www.azade.com/img/p/6/6/3/663.jpg,306101
http://www.azade.com/img/p/6/6/2/662.jpg,306158
http://www.azade.com/img/p/6/6/1/661.jpg,306154
http://www.azade.com/img/p/6/6/0/660.jpg,306146
http://www.azade.com/img/p/6/5/9/659.jpg,306144
http://www.azade.com/img/p/6/5/8/658.jpg,306142
http://www.azade.com/img/p/6/5/7/657.jpg,306141
http://www.azade.com/img/p/6/5/6/656.jpg,306089
http://www.azade.com/img/p/6/5/5/655.jpg,306039
http://www.azade.com/img/p/6/5/4/654.jpg,306037
http://www.azade.com/img/p/6/5/3/653.jpg,306034
http://www.azade.com/img/p/6/5/2/652.jpg,306032
http://www.azade.com/img/p/6/5/1/651.jpg,142702
http://www.azade.com/img/p/6/4/9/649.jpg,142700
http://www.azade.com/img/p/6/4/6/646.jpg,160195
http://www.azade.com/img/p/6/4/3/643.jpg,142699
http://www.azade.com/img/p/6/4/1/641.jpg,160209
http://www.azade.com/img/p/6/3/9/639.jpg,160150
http://www.azade.com/img/p/6/3/8/638.jpg,160194
http://www.azade.com/img/p/6/3/7/637.jpg,306107
http://www.azade.com/img/p/6/3/6/636.jpg,205604
http://www.azade.com/img/p/6/3/4/634.jpg,160281
http://www.azade.com/img/p/6/3/2/632.jpg,160280
http://www.azade.com/img/p/6/3/0/630.jpg,160279
http://www.azade.com/img/p/6/2/5/625.jpg,206952
http://www.azade.com/img/p/6/2/4/624.jpg,206950
http://www.azade.com/img/p/6/2/3/623.jpg,206947
http://www.azade.com/img/p/6/2/2/622.jpg,206943
http://www.azade.com/img/p/6/2/1/621.jpg,206941
http://www.azade.com/img/p/6/2/0/620.jpg,206928
http://www.azade.com/img/p/6/1/9/619.jpg,135346
http://www.azade.com/img/p/6/1/8/618.jpg,135345
http://www.azade.com/img/p/6/1/7/617.jpg,135344
http://www.azade.com/img/p/6/1/6/616.jpg,122841
http://www.azade.com/img/p/6/1/5/615.jpg,122840
http://www.azade.com/img/p/6/1/4/614.jpg,127758
http://www.azade.com/img/p/6/1/3/613.jpg,127757
http://www.azade.com/img/p/6/1/2/612.jpg,127756
http://www.azade.com/img/p/6/1/1/611.jpg,127753
http://www.azade.com/img/p/6/1/0/610.jpg,127752
http://www.azade.com/img/p/6/0/9/609.jpg,127751
http://www.azade.com/img/p/6/0/8/608.jpg,127750
http://www.azade.com/img/p/6/0/7/607.jpg,127749
http://www.azade.com/img/p/6/0/6/606.jpg,127748
http://www.azade.com/img/p/6/0/5/605.jpg,127747
http://www.azade.com/img/p/6/0/4/604.jpg,127746
http://www.azade.com/img/p/6/0/3/603.jpg,127744
http://www.azade.com/img/p/6/0/2/602.jpg,127738
http://www.azade.com/img/p/6/0/1/601.jpg,123239
http://www.azade.com/img/p/6/0/0/600.jpg,123238
http://www.azade.com/img/p/5/9/9/599.jpg,123237
http://www.azade.com/img/p/5/9/8/598.jpg,123236
http://www.azade.com/img/p/5/9/7/597.jpg,127741
http://www.azade.com/img/p/5/9/6/596.jpg,127740
http://www.azade.com/img/p/5/9/5/595.jpg,123233
http://www.azade.com/img/p/5/9/4/594.jpg,123232
http://www.azade.com/img/p/5/9/3/593.jpg,123231
http://www.azade.com/img/p/5/9/2/592.jpg,123230
http://www.azade.com/img/p/5/8/9/589.jpg,160241
http://www.azade.com/img/p/5/8/7/587.jpg,160240
http://www.azade.com/img/p/5/8/5/585.jpg,160239
http://www.azade.com/img/p/5/8/3/583.jpg,160238
http://www.azade.com/img/p/5/8/2/582.jpg,160237
http://www.azade.com/img/p/5/8/0/580.jpg,160236
http://www.azade.com/img/p/5/7/8/578.jpg,160235
http://www.azade.com/img/p/5/7/6/576.jpg,160234
http://www.azade.com/img/p/5/7/4/574.jpg,160233
http://www.azade.com/img/p/6/2/9/629.jpg,160130
http://www.azade.com/img/p/6/2/6/626.jpg,160175
http://www.azade.com/img/p/6/2/8/628.jpg,160129
http://www.azade.com/img/p/6/2/7/627.jpg,160128
http://www.azade.com/img/p/5/2/4/524.jpg,126023
http://www.azade.com/img/p/5/2/3/523.jpg,121988
http://www.azade.com/img/p/5/2/2/522.jpg,114222
http://www.azade.com/img/p/5/1/8/518.jpg,134953
http://www.azade.com/img/p/5/1/7/517.jpg,126366
http://www.azade.com/img/p/5/1/6/516.jpg,118218
http://www.azade.com/img/p/5/1/5/515.jpg,104075
http://www.azade.com/img/p/5/1/4/514.jpg,104074
http://www.azade.com/img/p/5/1/3/513.jpg,104073
http://www.azade.com/img/p/5/1/2/512.jpg,117119
http://www.azade.com/img/p/5/1/1/511.jpg,117121
http://www.azade.com/img/p/5/1/0/510.jpg,118214
http://www.azade.com/img/p/5/0/9/509.jpg,117482
http://www.azade.com/img/p/5/0/8/508.jpg,127039
http://www.azade.com/img/p/5/0/3/503.jpg,128112
http://www.azade.com/img/p/5/0/2/502.jpg,118603
http://www.azade.com/img/p/5/0/1/501.jpg,104057
http://www.azade.com/img/p/5/0/0/500.jpg,142732
http://www.azade.com/img/p/4/9/9/499.jpg,128110
http://www.azade.com/img/p/4/9/8/498.jpg,123587
http://www.azade.com/img/p/4/9/7/497.jpg,123586
http://www.azade.com/img/p/5/0/6/506.jpg,123581
http://www.azade.com/img/p/4/9/5/495.jpg,121882
http://www.azade.com/img/p/4/9/4/494.jpg,121880
http://www.azade.com/img/p/4/9/3/493.jpg,121255
http://www.azade.com/img/p/4/9/2/492.jpg,119858
http://www.azade.com/img/p/4/9/1/491.jpg,118627
http://www.azade.com/img/p/4/9/0/490.jpg,118626
http://www.azade.com/img/p/4/8/9/489.jpg,118601
http://www.azade.com/img/p/4/8/8/488.jpg,118598
http://www.azade.com/img/p/4/8/7/487.jpg,115433
http://www.azade.com/img/p/4/8/6/486.jpg,115430
http://www.azade.com/img/p/4/8/5/485.jpg,113204
http://www.azade.com/img/p/4/8/4/484.jpg,110296
http://www.azade.com/img/p/4/8/3/483.jpg,110295
http://www.azade.com/img/p/4/8/2/482.jpg,105896
http://www.azade.com/img/p/4/8/1/481.jpg,104113
http://www.azade.com/img/p/5/0/5/505.jpg,104063
http://www.azade.com/img/p/5/0/4/504.jpg,104059
http://www.azade.com/img/p/4/5/3/453.jpg,160184
http://www.azade.com/img/p/4/5/2/452.jpg,160182
http://www.azade.com/img/p/4/5/1/451.jpg,160181
http://www.azade.com/img/p/4/5/0/450.jpg,160069
http://www.azade.com/img/p/4/4/9/449.jpg,160066
http://www.azade.com/img/p/4/4/8/448.jpg,142493
http://www.azade.com/img/p/4/4/7/447.jpg,141859
http://www.azade.com/img/p/4/4/6/446.jpg,141835
http://www.azade.com/img/p/4/4/5/445.jpg,141834
http://www.azade.com/img/p/4/4/4/444.jpg,141150
http://www.azade.com/img/p/4/4/3/443.jpg,141139
http://www.azade.com/img/p/4/4/2/442.jpg,141135
http://www.azade.com/img/p/4/4/1/441.jpg,129301
http://www.azade.com/img/p/4/4/0/440.jpg,118568
http://www.azade.com/img/p/4/3/4/434.jpg,118622
http://www.azade.com/img/p/4/3/3/433.jpg,118619
http://www.azade.com/img/p/4/3/5/435.jpg,118618
http://www.azade.com/img/p/4/3/1/431.jpg,104084
http://www.azade.com/img/p/4/2/4/424.jpg,107689
http://www.azade.com/img/p/4/2/5/425.jpg,113199
http://www.azade.com/img/p/4/2/3/423.jpg,128108
http://www.azade.com/img/p/4/2/2/422.jpg,128107
http://www.azade.com/img/p/4/2/1/421.jpg,124835
http://www.azade.com/img/p/4/2/0/420.jpg,124007
http://www.azade.com/img/p/4/1/9/419.jpg,124006
http://www.azade.com/img/p/4/1/8/418.jpg,124005
http://www.azade.com/img/p/4/1/7/417.jpg,122831
http://www.azade.com/img/p/4/1/6/416.jpg,121887
http://www.azade.com/img/p/4/1/5/415.jpg,121886
http://www.azade.com/img/p/4/1/4/414.jpg,121885
http://www.azade.com/img/p/4/1/3/413.jpg,121884
http://www.azade.com/img/p/4/1/2/412.jpg,118631
http://www.azade.com/img/p/4/1/1/411.jpg,118630
http://www.azade.com/img/p/4/1/0/410.jpg,118629
http://www.azade.com/img/p/4/0/9/409.jpg,118628
http://www.azade.com/img/p/4/0/8/408.jpg,115434
http://www.azade.com/img/p/4/0/7/407.jpg,113890
http://www.azade.com/img/p/4/0/6/406.jpg,107691
http://www.azade.com/img/p/4/0/5/405.jpg,107690
http://www.azade.com/img/p/4/0/4/404.jpg,107688
http://www.azade.com/img/p/3/9/4/394.jpg,333144
http://www.azade.com/img/p/3/9/3/393.jpg,333135
http://www.azade.com/img/p/3/9/2/392.jpg,306170
http://www.azade.com/img/p/3/9/1/391.jpg,306159
http://www.azade.com/img/p/3/9/0/390.jpg,306125
http://www.azade.com/img/p/3/8/9/389.jpg,306114
http://www.azade.com/img/p/3/8/8/388.jpg,306097
http://www.azade.com/img/p/3/8/7/387.jpg,306096
http://www.azade.com/img/p/3/8/6/386.jpg,306095
http://www.azade.com/img/p/3/8/5/385.jpg,306094
http://www.azade.com/img/p/3/8/4/384.jpg,306093
http://www.azade.com/img/p/3/8/3/383.jpg,306090
http://www.azade.com/img/p/3/8/2/382.jpg,306025
http://www.azade.com/img/p/3/8/1/381.jpg,306015
http://www.azade.com/img/p/3/8/0/380.jpg,306014
http://www.azade.com/img/p/3/7/9/379.jpg,306011
http://www.azade.com/img/p/3/7/8/378.jpg,306005
http://www.azade.com/img/p/3/7/7/377.jpg,306004
http://www.azade.com/img/p/3/7/6/376.jpg,306003
http://www.azade.com/img/p/3/7/5/375.jpg,306000
http://www.azade.com/img/p/3/7/4/374.jpg,303539
http://www.azade.com/img/p/3/7/3/373.jpg,303103
http://www.azade.com/img/p/3/7/2/372.jpg,301277
http://www.azade.com/img/p/3/7/1/371.jpg,301276
http://www.azade.com/img/p/3/7/0/370.jpg,301275
http://www.azade.com/img/p/3/6/9/369.jpg,301268
http://www.azade.com/img/p/3/6/8/368.jpg,301267
http://www.azade.com/img/p/3/6/7/367.jpg,301129
http://www.azade.com/img/p/3/6/6/366.jpg,301126
http://www.azade.com/img/p/3/6/5/365.jpg,301125
http://www.azade.com/img/p/3/6/4/364.jpg,301124
http://www.azade.com/img/p/3/6/3/363.jpg,301123
http://www.azade.com/img/p/3/6/2/362.jpg,301120
http://www.azade.com/img/p/3/6/1/361.jpg,301119
http://www.azade.com/img/p/3/6/0/360.jpg,301118
http://www.azade.com/img/p/3/5/9/359.jpg,207534
http://www.azade.com/img/p/3/5/8/358.jpg,207533
http://www.azade.com/img/p/3/5/7/357.jpg,207530
http://www.azade.com/img/p/3/5/6/356.jpg,207496
http://www.azade.com/img/p/3/5/5/355.jpg,207493
http://www.azade.com/img/p/3/5/4/354.jpg,207492
http://www.azade.com/img/p/3/5/3/353.jpg,205276
http://www.azade.com/img/p/3/5/2/352.jpg,205275
http://www.azade.com/img/p/3/5/1/351.jpg,205274
http://www.azade.com/img/p/5/2/5/525.jpg,134627
http://www.azade.com/img/p/3/4/9/349.jpg,306106
http://www.azade.com/img/p/3/4/8/348.jpg,306105
http://www.azade.com/img/p/3/4/7/347.jpg,306102
http://www.azade.com/img/p/3/4/6/346.jpg,306087
http://www.azade.com/img/p/3/4/5/345.jpg,306085
http://www.azade.com/img/p/3/4/4/344.jpg,306028
http://www.azade.com/img/p/3/4/3/343.jpg,306026
http://www.azade.com/img/p/3/4/2/342.jpg,207128
http://www.azade.com/img/p/3/4/1/341.jpg,207127
http://www.azade.com/img/p/3/4/0/340.jpg,306112
http://www.azade.com/img/p/3/3/9/339.jpg,302254
http://www.azade.com/img/p/3/3/8/338.jpg,302255
http://www.azade.com/img/p/3/3/4/334.jpg,306078
http://www.azade.com/img/p/3/3/3/333.jpg,306072
http://www.azade.com/img/p/3/3/2/332.jpg,306066
http://www.azade.com/img/p/3/3/1/331.jpg,306061
http://www.azade.com/img/p/3/3/0/330.jpg,207904
http://www.azade.com/img/p/3/2/9/329.jpg,207901
http://www.azade.com/img/p/3/2/8/328.jpg,207897
http://www.azade.com/img/p/3/2/7/327.jpg,213080
http://www.azade.com/img/p/3/2/6/326.jpg,213075
http://www.azade.com/img/p/3/2/5/325.jpg,213074
http://www.azade.com/img/p/3/2/4/324.jpg,213044
http://www.azade.com/img/p/3/2/3/323.jpg,213012
http://www.azade.com/img/p/3/2/2/322.jpg,213011
http://www.azade.com/img/p/3/2/1/321.jpg,306153
http://www.azade.com/img/p/3/2/0/320.jpg,306149
http://www.azade.com/img/p/3/1/9/319.jpg,213066
http://www.azade.com/img/p/3/1/8/318.jpg,213065
http://www.azade.com/img/p/3/1/7/317.jpg,213063
http://www.azade.com/img/p/3/1/6/316.jpg,213039
http://www.azade.com/img/p/3/1/5/315.jpg,213027
http://www.azade.com/img/p/3/1/4/314.jpg,213023
http://www.azade.com/img/p/3/1/3/313.jpg,213019
http://www.azade.com/img/p/3/1/2/312.jpg,213017
http://www.azade.com/img/p/3/1/1/311.jpg,213016
http://www.azade.com/img/p/3/1/0/310.jpg,208357
http://www.azade.com/img/p/3/0/9/309.jpg,208348
http://www.azade.com/img/p/3/0/8/308.jpg,208333
http://www.azade.com/img/p/3/0/7/307.jpg,208307
http://www.azade.com/img/p/3/0/6/306.jpg,208306
http://www.azade.com/img/p/3/0/5/305.jpg,9208294
http://www.azade.com/img/p/3/0/4/304.jpg,9208293
http://www.azade.com/img/p/3/0/3/303.jpg,9208292
http://www.azade.com/img/p/3/0/2/302.jpg,208285
http://www.azade.com/img/p/3/0/1/301.jpg,208278
http://www.azade.com/img/p/3/0/0/300.jpg,208275
http://www.azade.com/img/p/2/9/9/299.jpg,207414
http://www.azade.com/img/p/2/9/8/298.jpg,207411
http://www.azade.com/img/p/2/9/7/297.jpg,207410
http://www.azade.com/img/p/2/9/6/296.jpg,207407
http://www.azade.com/img/p/2/9/5/295.jpg,127147
http://www.azade.com/img/p/2/9/4/294.jpg,127091
http://www.azade.com/img/p/2/9/3/293.jpg,306054
http://www.azade.com/img/p/2/9/2/292.jpg,306050
http://www.azade.com/img/p/2/9/1/291.jpg,306043
http://www.azade.com/img/p/2/9/0/290.jpg,207477
http://www.azade.com/img/p/2/8/9/289.jpg,213061
http://www.azade.com/img/p/2/8/8/288.jpg,208459
http://www.azade.com/img/p/2/8/7/287.jpg,207423
http://www.azade.com/img/p/2/8/6/286.jpg,207095
http://www.azade.com/img/p/2/8/5/285.jpg,207094
http://www.azade.com/img/p/2/8/3/283.jpg,301136
http://www.azade.com/img/p/2/8/2/282.jpg,301134
http://www.azade.com/img/p/2/8/1/281.jpg,205468
http://www.azade.com/img/p/2/8/0/280.jpg,203029
http://www.azade.com/img/p/2/7/9/279.jpg,203028
http://www.azade.com/img/p/2/7/8/278.jpg,128164
http://www.azade.com/img/p/2/7/7/277.jpg,333108
http://www.azade.com/img/p/2/7/6/276.jpg,333105
http://www.azade.com/img/p/2/7/5/275.jpg,333100
http://www.azade.com/img/p/2/7/4/274.jpg,333088
http://www.azade.com/img/p/2/7/3/273.jpg,333085
http://www.azade.com/img/p/2/7/2/272.jpg,306038
http://www.azade.com/img/p/2/7/1/271.jpg,306036
http://www.azade.com/img/p/2/7/0/270.jpg,306035
http://www.azade.com/img/p/2/6/9/269.jpg,306030
http://www.azade.com/img/p/2/6/8/268.jpg,303445
http://www.azade.com/img/p/2/6/7/267.jpg,303443
http://www.azade.com/img/p/2/6/6/266.jpg,303116
http://www.azade.com/img/p/2/6/5/265.jpg,125723
http://www.azade.com/img/p/2/6/4/264.jpg,125722
http://www.azade.com/img/p/2/6/3/263.jpg,125721
http://www.azade.com/img/p/2/6/2/262.jpg,124474
http://www.azade.com/img/p/2/6/1/261.jpg,124473
http://www.azade.com/img/p/2/5/9/259.jpg,142600
http://www.azade.com/img/p/2/5/8/258.jpg,142598
http://www.azade.com/img/p/2/5/7/257.jpg,141327
http://www.azade.com/img/p/2/5/6/256.jpg,141325
http://www.azade.com/img/p/2/5/5/255.jpg,128294
http://www.azade.com/img/p/2/5/4/254.jpg,122149
http://www.azade.com/img/p/2/6/0/260.jpg,122148
http://www.azade.com/img/p/2/5/2/252.jpg,121913
http://www.azade.com/img/p/4/2/6/426.jpg,160178
http://www.azade.com/img/p/2/4/2/242.jpg,121909
http://www.azade.com/img/p/2/4/1/241.jpg,160170
http://www.azade.com/img/p/2/4/0/240.jpg,160169
http://www.azade.com/img/p/2/3/9/239.jpg,128293
http://www.azade.com/img/p/2/3/8/238.jpg,160192
http://www.azade.com/img/p/2/3/7/237.jpg,160191
http://www.azade.com/img/p/2/3/6/236.jpg,160186
http://www.azade.com/img/p/2/3/5/235.jpg,160160
http://www.azade.com/img/p/2/3/4/234.jpg,160159
http://www.azade.com/img/p/2/3/3/233.jpg,160158
http://www.azade.com/img/p/2/3/2/232.jpg,160157
http://www.azade.com/img/p/2/3/1/231.jpg,160155
http://www.azade.com/img/p/2/3/0/230.jpg,160154
http://www.azade.com/img/p/2/2/9/229.jpg,160153
http://www.azade.com/img/p/2/2/8/228.jpg,160152
http://www.azade.com/img/p/2/2/7/227.jpg,121895
http://www.azade.com/img/p/2/2/6/226.jpg,121894
http://www.azade.com/img/p/2/2/5/225.jpg,160131
http://www.azade.com/img/p/2/2/4/224.jpg,142542
http://www.azade.com/img/p/2/2/3/223.jpg,138863
http://www.azade.com/img/p/2/2/2/222.jpg,125448
http://www.azade.com/img/p/2/1/4/214.jpg,142597
http://www.azade.com/img/p/2/1/7/217.jpg,160177
http://www.azade.com/img/p/2/1/2/212.jpg,142599
http://www.azade.com/img/p/2/1/1/211.jpg,141326
http://www.azade.com/img/p/2/1/0/210.jpg,141324
http://www.azade.com/img/p/2/0/9/209.jpg,138862
http://www.azade.com/img/p/2/0/8/208.jpg,125636
http://www.azade.com/img/p/2/0/7/207.jpg,122147
http://www.azade.com/img/p/2/0/6/206.jpg,122146
http://www.azade.com/img/p/2/0/5/205.jpg,121911
http://www.azade.com/img/p/2/0/4/204.jpg,141330
http://www.azade.com/img/p/2/0/3/203.jpg,141328
http://www.azade.com/img/p/2/0/2/202.jpg,121904
http://www.azade.com/img/p/2/0/1/201.jpg,121902
http://www.azade.com/img/p/2/0/0/200.jpg,121901
http://www.azade.com/img/p/1/9/9/199.jpg,207651
http://www.azade.com/img/p/1/9/8/198.jpg,207650
http://www.azade.com/img/p/1/9/7/197.jpg,207649
http://www.azade.com/img/p/1/9/6/196.jpg,207648
http://www.azade.com/img/p/1/9/5/195.jpg,207647
http://www.azade.com/img/p/1/9/4/194.jpg,207646
http://www.azade.com/img/p/1/9/3/193.jpg,207645
http://www.azade.com/img/p/1/9/2/192.jpg,207644
http://www.azade.com/img/p/1/9/1/191.jpg,207643
http://www.azade.com/img/p/1/9/0/190.jpg,207642
http://www.azade.com/img/p/1/8/9/189.jpg,207641
http://www.azade.com/img/p/1/8/8/188.jpg,207640
http://www.azade.com/img/p/1/8/7/187.jpg,207639
http://www.azade.com/img/p/1/8/6/186.jpg,207629
http://www.azade.com/img/p/1/8/5/185.jpg,207628
http://www.azade.com/img/p/1/8/4/184.jpg,207627
http://www.azade.com/img/p/1/8/3/183.jpg,207626
http://www.azade.com/img/p/1/8/2/182.jpg,207625
http://www.azade.com/img/p/1/8/1/181.jpg,207624
http://www.azade.com/img/p/1/8/0/180.jpg,207623
http://www.azade.com/img/p/1/7/9/179.jpg,207622
http://www.azade.com/img/p/1/7/8/178.jpg,207621
http://www.azade.com/img/p/1/7/7/177.jpg,207620
http://www.azade.com/img/p/1/7/6/176.jpg,207619
http://www.azade.com/img/p/1/7/5/175.jpg,207618
http://www.azade.com/img/p/1/7/4/174.jpg,207617
http://www.azade.com/img/p/1/7/3/173.jpg,207616
http://www.azade.com/img/p/1/7/2/172.jpg,207615
http://www.azade.com/img/p/1/7/1/171.jpg,207614
http://www.azade.com/img/p/1/7/0/170.jpg,207613
http://www.azade.com/img/p/1/6/9/169.jpg,207440
http://www.azade.com/img/p/1/6/8/168.jpg,207419
http://www.azade.com/img/p/1/6/7/167.jpg,207417
http://www.azade.com/img/p/1/6/6/166.jpg,207196
http://www.azade.com/img/p/1/6/5/165.jpg,207096
http://www.azade.com/img/p/1/6/4/164.jpg,207093
http://www.azade.com/img/p/1/6/3/163.jpg,207092
http://www.azade.com/img/p/1/6/2/162.jpg,207091
http://www.azade.com/img/p/1/6/1/161.jpg,207090
http://www.azade.com/img/p/1/6/0/160.jpg,207089
http://www.azade.com/img/p/1/5/9/159.jpg,207088
http://www.azade.com/img/p/1/5/8/158.jpg,207087
http://www.azade.com/img/p/1/5/7/157.jpg,207086
http://www.azade.com/img/p/1/5/6/156.jpg,207085
http://www.azade.com/img/p/1/5/5/155.jpg,207083
http://www.azade.com/img/p/1/5/4/154.jpg,9207004
http://www.azade.com/img/p/1/5/3/153.jpg,9207001
http://www.azade.com/img/p/1/5/2/152.jpg,207439
http://www.azade.com/img/p/1/5/1/151.jpg,207190
http://www.azade.com/img/p/1/5/0/150.jpg,207189
http://www.azade.com/img/p/1/4/9/149.jpg,207188
http://www.azade.com/img/p/1/4/8/148.jpg,9207009
http://www.azade.com/img/p/1/4/7/147.jpg,9207008
http://www.azade.com/img/p/1/4/6/146.jpg,9207005
http://www.azade.com/img/p/1/4/5/145.jpg,127138
http://www.azade.com/img/p/1/4/2/142.jpg,207402
http://www.azade.com/img/p/1/4/1/141.jpg,207400
http://www.azade.com/img/p/1/4/0/140.jpg,207398
http://www.azade.com/img/p/1/4/4/144.jpg,207397
http://www.azade.com/img/p/1/4/3/143.jpg,209394
http://www.azade.com/img/p/1/3/7/137.jpg,207390
http://www.azade.com/img/p/1/3/6/136.jpg,207388
http://www.azade.com/img/p/1/3/5/135.jpg,207082
http://www.azade.com/img/p/1/3/4/134.jpg,207072
http://www.azade.com/img/p/1/3/3/133.jpg,133012
http://www.azade.com/img/p/1/3/2/132.jpg,9208200
http://www.azade.com/img/p/1/3/1/131.jpg,208199
http://www.azade.com/img/p/1/3/0/130.jpg,208197
http://www.azade.com/img/p/1/2/9/129.jpg,208196
http://www.azade.com/img/p/1/2/8/128.jpg,9208194
http://www.azade.com/img/p/1/2/7/127.jpg,9207013
http://www.azade.com/img/p/1/2/6/126.jpg,304162
http://www.azade.com/img/p/1/2/5/125.jpg,304161
http://www.azade.com/img/p/1/2/4/124.jpg,304160
http://www.azade.com/img/p/1/2/3/123.jpg,304159
http://www.azade.com/img/p/1/2/2/122.jpg,301054
http://www.azade.com/img/p/1/2/1/121.jpg,301053
http://www.azade.com/img/p/1/2/0/120.jpg,301047
http://www.azade.com/img/p/1/1/9/119.jpg,301046
http://www.azade.com/img/p/1/1/8/118.jpg,301044
http://www.azade.com/img/p/1/1/7/117.jpg,208141
http://www.azade.com/img/p/1/1/6/116.jpg,208140
http://www.azade.com/img/p/1/1/5/115.jpg,208139
http://www.azade.com/img/p/1/1/4/114.jpg,9208137
http://www.azade.com/img/p/1/1/3/113.jpg,208136
http://www.azade.com/img/p/1/1/1/111.jpg,160086
http://www.azade.com/img/p/1/0/9/109.jpg,160085
http://www.azade.com/img/p/1/0/5/105.jpg,160083
http://www.azade.com/img/p/1/0/3/103.jpg,160082
http://www.azade.com/img/p/1/0/1/101.jpg,160081
http://www.azade.com/img/p/9/9/99.jpg,160080
http://www.azade.com/img/p/9/7/97.jpg,142697
http://www.azade.com/img/p/9/5/95.jpg,142696
http://www.azade.com/img/p/9/3/93.jpg,142695
http://www.azade.com/img/p/9/1/91.jpg,142694
http://www.azade.com/img/p/8/9/89.jpg,142693
http://www.azade.com/img/p/8/7/87.jpg,142692
http://www.azade.com/img/p/8/5/85.jpg,142691
http://www.azade.com/img/p/8/3/83.jpg,142690
http://www.azade.com/img/p/7/7/77.jpg,160084
